rank,title,price,stars,review_count,img_url,link_url
01,[농심] 올리브 짜파게티 (140gx5입),"3,750",별점 4.95점,"403,030",https://sitem.ssgcdn.com/13/36/33/item/0000008333613_i1_290.jpg,https://www.ssg.com/item/itemView.ssg?itemId=0000008333613&siteNo=6001&salestrNo=2034
02,[21년산] 이맛쌀 20kg,"50,900",별점 4.89점,"96,565",https://sitem.ssgcdn.com/27/97/18/item/1000025189727_i1_290.jpg,https://www.ssg.com/item/itemView.ssg?itemId=1000025189727&siteNo=6001&salestrNo=2034
03,노브랜드 국산콩두부300g*2입,"3,280",별점 4.94점,"80,344",https://sitem.ssgcdn.com/45/80/53/item/1000040538045_i1_290.jpg,https://www.ssg.com/item/itemView.ssg?itemId=1000040538045&siteNo=6001&salestrNo=2034
04,[농심] 신라면 120gx5입,"3,680",별점 4.95점,"324,898",https://sitem.ssgcdn.com/48/36/33/item/0000008333648_i1_290.jpg,https://www.ssg.com/item/itemView.ssg?itemId=0000008333648&siteNo=6001&salestrNo=2034
05,삼다수 2L,980,별점 4.95점,"313,562",https://sitem.ssgcdn.com/46/07/33/item/1000015330746_i1_290.jpg,https://www.ssg.com/item/itemView.ssg?itemId=1000015330746&siteNo=6001&salestrNo=2034
06,노브랜드 미네랄워터 2L*6,"1,980",별점 4.96점,"165,738",https://sitem.ssgcdn.com/63/49/23/item/1000043234963_i1_290.jpg,https://www.ssg.com/item/itemView.ssg?itemId=1000043234963&siteNo=6001&salestrNo=2034
07,[주문폭증으로 순차적 출고 예정] [2021년 햅쌀] 쌀가게 수향미 10kg,"34,110",별점 4.87점,415,https://sitem.ssgcdn.com/36/34/55/item/1000271553436_i1_290.jpg,https://www.ssg.com/item/itemView.ssg?itemId=1000271553436&siteNo=6009&salestrNo=1007
08,[노브랜드][냉동] 차돌박이 바로구이 소고기 (600g),"16,880",별점 4.87점,"114,410",https://sitem.ssgcdn.com/78/31/05/item/1000020053178_i1_290.jpg,https://www.ssg.com/item/itemView.ssg?itemId=1000020053178&siteNo=6001&salestrNo=2034
09,[딸기 맛집 SSG] 최대 ~37% 할인,"4,900",별점 4.67점,"41,444",https://sitem.ssgcdn.com/81/03/43/item/1000287430381_i1_290.jpg,https://www.ssg.com/item/dealItemView.ssg?itemId=1000287430381&siteNo=6001&salestrNo=2034
10,오뚜기 진짬뽕 130gX4입,"5,980",별점 4.94점,"70,489",https://sitem.ssgcdn.com/45/23/79/item/1000013792345_i1_290.jpg,https://www.ssg.com/item/itemView.ssg?itemId=1000013792345&siteNo=6001&salestrNo=2034
11,트립트랩+베이비세트+하네스+트레이- 6월말 입고예정(합배송/부분출고 불가),"540,000",별점 4.9점,393,https://sitem.ssgcdn.com/75/37/90/item/1000036903775_i1_290.jpg,https://www.ssg.com/item/itemView.ssg?itemId=1000036903775&siteNo=6009&salestrNo=1004
101,[CJ] 비비고 왕교자490gx2,"8,980",별점 4.95점,"138,029",https://sitem.ssgcdn.com/40/87/69/item/0000010698740_i1_290.jpg,https://www.ssg.com/item/itemView.ssg?itemId=0000010698740&siteNo=6001&salestrNo=2034
12,애호박(개),"1,980",별점 4.93점,"209,758",https://sitem.ssgcdn.com/08/54/54/item/1000007545408_i1_290.jpg,https://www.ssg.com/item/itemView.ssg?itemId=1000007545408&siteNo=6001&salestrNo=2034
13,"[노브랜드][냉동] 삼겹살 바로구이 (1,000g)","12,900",별점 4.89점,"35,768",https://sitem.ssgcdn.com/50/32/48/item/1000054483250_i1_290.jpg,https://www.ssg.com/item/itemView.ssg?itemId=1000054483250&siteNo=6001&salestrNo=2034
14,단짠 미니 인기 과자간식 새벽배송으로 쓱,850,별점 4.84점,"52,439",https://sitem.ssgcdn.com/26/70/04/item/1000057047026_i1_290.jpg,https://www.ssg.com/item/dealItemView.ssg?itemId=1000057047026&siteNo=6001&salestrNo=2034
15,(G)[피코크] 초콜릿 샌드위치 비스킷 135g,"2,980",별점 4.92점,"35,117",https://sitem.ssgcdn.com/08/96/93/item/1000032939608_i1_290.jpg,https://www.ssg.com/item/itemView.ssg?itemId=1000032939608&siteNo=6001&salestrNo=2034
16,피코크 에이 클래스 우유 900ml (1A등급)(매일유업),"2,080",별점 4.93점,"65,286",https://sitem.ssgcdn.com/35/82/38/item/1000057388235_i1_290.jpg,https://www.ssg.com/item/itemView.ssg?itemId=1000057388235&siteNo=6001&salestrNo=2034
17,NEW 메쉬 핑크 쿠션,"89,300",별점 5점,13,https://sitem.ssgcdn.com/10/46/57/item/1000301574610_i1_290.jpg,https://www.ssg.com/item/itemView.ssg?itemId=1000301574610&siteNo=6009&salestrNo=1004
102,"[냉동][스페인산] 뼈없는 대패 삼겹살 (1,000g)","12,980",별점 4.86점,"3,772",https://sitem.ssgcdn.com/28/15/25/item/1000051251528_i1_290.jpg,https://www.ssg.com/item/itemView.ssg?itemId=1000051251528&siteNo=6001&salestrNo=2034
103,[팔도] 김치 왕뚜껑 110g,"1,000",별점 4.93점,"40,362",https://sitem.ssgcdn.com/89/01/61/item/0000006610189_i1_290.jpg,https://www.ssg.com/item/itemView.ssg?itemId=0000006610189&siteNo=6001&salestrNo=2034
104,"CJ 스팸 클래식 1,200g (200g*6입)","16,980",별점 4.95점,"49,608",https://sitem.ssgcdn.com/37/48/44/item/1000009444837_i1_290.jpg,https://www.ssg.com/item/itemView.ssg?itemId=1000009444837&siteNo=6001&salestrNo=2034
105,[한국야쿠르트] 야쿠르트 라이트(65ml*20입),"4,000",별점 4.95점,"15,576",https://sitem.ssgcdn.com/90/72/10/item/1000062107290_i1_290.jpg,https://www.ssg.com/item/itemView.ssg?itemId=1000062107290&siteNo=6001&salestrNo=2034
106,농심 백산수 2L* 6입(무라벨),"5,880",별점 4.93점,"9,592",https://sitem.ssgcdn.com/11/84/68/item/1000072688411_i1_290.jpg,https://www.ssg.com/item/itemView.ssg?itemId=1000072688411&siteNo=6001&salestrNo=2034
107,[롯데] 아이시스 8.0 2L,680,별점 4.93점,"87,491",https://sitem.ssgcdn.com/78/47/31/item/1000015314778_i1_290.jpg,https://www.ssg.com/item/itemView.ssg?itemId=1000015314778&siteNo=6001&salestrNo=2034
108,[노브랜드] 구운 김밥용 김 (10매/20g),"1,780",별점 4.89점,"95,495",https://sitem.ssgcdn.com/37/00/55/item/1000019550037_i1_290.jpg,https://www.ssg.com/item/itemView.ssg?itemId=1000019550037&siteNo=6001&salestrNo=2034
18,[21년산] 경기미 고시히카리 10kg,"34,900",별점 4.86점,"10,122",https://sitem.ssgcdn.com/83/28/11/item/1000029112883_i1_290.jpg,https://www.ssg.com/item/itemView.ssg?itemId=1000029112883&siteNo=6001&salestrNo=2034
19,노브랜드 국산콩 콩나물 300g,"1,180",별점 4.84점,"10,391",https://sitem.ssgcdn.com/94/35/70/item/1000262703594_i1_290.jpg,https://www.ssg.com/item/itemView.ssg?itemId=1000262703594&siteNo=6001&salestrNo=2034
20,[노브랜드] 숯불 데리야끼 닭꼬치 800g,"12,980",별점 4.92점,"48,794",https://sitem.ssgcdn.com/06/55/52/item/1000034525506_i1_290.jpg,https://www.ssg.com/item/itemView.ssg?itemId=1000034525506&siteNo=6001&salestrNo=2034
21,[노브랜드] 크라비 맛살 150g,"1,480",별점 4.93점,"176,690",https://sitem.ssgcdn.com/50/80/73/item/1000018738050_i1_290.jpg,https://www.ssg.com/item/itemView.ssg?itemId=1000018738050&siteNo=6001&salestrNo=2034
22,오뚜기 진라면 매운맛 120g*5입,"3,100",별점 4.96점,"107,827",https://sitem.ssgcdn.com/46/74/39/item/1000016397446_i1_290.jpg,https://www.ssg.com/item/itemView.ssg?itemId=1000016397446&siteNo=6001&salestrNo=2034
23,[21년산 햅쌀] 철원오대쌀10kg,"36,900",별점 4.88점,"14,544",https://sitem.ssgcdn.com/92/80/81/item/2097000818092_i1_290.jpg,https://www.ssg.com/item/itemView.ssg?itemId=2097000818092&siteNo=6001&salestrNo=2449
24,[농심] 안성탕면 5입 625g (125g5입),"3,280",별점 4.94점,"186,778",https://sitem.ssgcdn.com/62/36/33/item/0000008333662_i1_290.jpg,https://www.ssg.com/item/itemView.ssg?itemId=0000008333662&siteNo=6001&salestrNo=2034
109,순수소프트내추럴 3겹 30m*30롤,"18,900",별점 4.9점,"14,356",https://sitem.ssgcdn.com/80/96/87/item/1000039879680_i1_290.jpg,https://www.ssg.com/item/itemView.ssg?itemId=1000039879680&siteNo=6001&salestrNo=2034
110,노브랜드 오리지널숯불닭꼬치 560 g,"9,980",별점 4.87점,"9,046",https://sitem.ssgcdn.com/48/64/60/item/1000045606448_i1_290.jpg,https://www.ssg.com/item/itemView.ssg?itemId=1000045606448&siteNo=6001&salestrNo=2034
111,일가집 프리미엄 김밥세트 525g,"8,780",별점 4.9점,"3,366",https://sitem.ssgcdn.com/01/65/90/item/1000047906501_i1_290.jpg,https://www.ssg.com/item/itemView.ssg?itemId=1000047906501&siteNo=6001&salestrNo=2034
112,[매일] 소화가 잘되는 우유 930ml,"3,290",별점 4.94점,"64,083",https://sitem.ssgcdn.com/23/01/82/item/0000006820123_i1_290.jpg,https://www.ssg.com/item/itemView.ssg?itemId=0000006820123&siteNo=6001&salestrNo=2034
113,노브랜드 미니등심돈까스 560 g,"5,280",별점 4.91점,"16,693",https://sitem.ssgcdn.com/48/79/84/item/1000038847948_i1_290.jpg,https://www.ssg.com/item/itemView.ssg?itemId=1000038847948&siteNo=6001&salestrNo=2034
114,티아시아 게살푸팟퐁커리 전자레인지용 170g,"3,480",별점 4.77점,"7,554",https://sitem.ssgcdn.com/13/27/70/item/1000064702713_i1_290.jpg,https://www.ssg.com/item/itemView.ssg?itemId=1000064702713&siteNo=6001&salestrNo=2034
115,[CJ] 더(The)건강한햄 슬라이스 90g,"2,180",별점 4.94점,"107,738",https://sitem.ssgcdn.com/56/82/03/item/0000008038256_i1_290.jpg,https://www.ssg.com/item/itemView.ssg?itemId=0000008038256&siteNo=6001&salestrNo=2034
25,[CJ] 햇반 (210g*12입),"12,980",별점 4.94점,"100,329",https://sitem.ssgcdn.com/69/86/21/item/0000008218669_i1_290.jpg,https://www.ssg.com/item/itemView.ssg?itemId=0000008218669&siteNo=6001&salestrNo=2034
26,모짜렐라치즈볼 360g,"7,980",별점 4.84점,"6,283",https://sitem.ssgcdn.com/61/03/84/item/1000041840361_i1_290.jpg,https://www.ssg.com/item/itemView.ssg?itemId=1000041840361&siteNo=6001&salestrNo=2034
27,노브랜드 도톰한 물티슈 100매,980,별점 4.94점,"44,705",https://sitem.ssgcdn.com/09/22/61/item/1000051612209_i1_290.jpg,https://www.ssg.com/item/itemView.ssg?itemId=1000051612209&siteNo=6001&salestrNo=2034
28,[서울우유] 서울우유 1000ml 나100%,"2,710",별점 4.94점,"231,434",https://sitem.ssgcdn.com/74/54/61/item/0000006615474_i1_290.jpg,https://www.ssg.com/item/itemView.ssg?itemId=0000006615474&siteNo=6001&salestrNo=2034
29,[21년산] 이맛쌀 10kg_상등급,"29,900",별점 4.91점,"31,835",https://sitem.ssgcdn.com/60/83/13/item/1000045138360_i1_290.jpg,https://www.ssg.com/item/itemView.ssg?itemId=1000045138360&siteNo=6001&salestrNo=2034
30,[노브랜드][냉동] 양지 샤브샤브 (600g),"9,980",별점 4.86점,"47,537",https://sitem.ssgcdn.com/77/31/05/item/1000020053177_i1_290.jpg,https://www.ssg.com/item/itemView.ssg?itemId=1000020053177&siteNo=6001&salestrNo=2034
31,[농심] 새우깡90g,"1,100",별점 4.95점,"135,814",https://sitem.ssgcdn.com/99/91/62/item/1000018629199_i1_290.jpg,https://www.ssg.com/item/itemView.ssg?itemId=1000018629199&siteNo=6001&salestrNo=2034
116,오뚜기 맛있는 오뚜기밥 210g*10입,"10,180",별점 4.94점,"74,641",https://sitem.ssgcdn.com/16/16/70/item/0000009701616_i1_290.jpg,https://www.ssg.com/item/itemView.ssg?itemId=0000009701616&siteNo=6001&salestrNo=2034
117,[CJ] 안심 부산어묵얇은사각200gx2,"3,980",별점 4.92점,"52,268",https://sitem.ssgcdn.com/02/61/91/item/1000012916102_i1_290.jpg,https://www.ssg.com/item/itemView.ssg?itemId=1000012916102&siteNo=6001&salestrNo=2034
118,몽쉘 카카오케이크 384g,"4,780",별점 4.93점,"54,605",https://sitem.ssgcdn.com/42/31/58/item/0000008583142_i1_290.jpg,https://www.ssg.com/item/itemView.ssg?itemId=0000008583142&siteNo=6001&salestrNo=2034
119,피코크 우리집 제철 냉이된장찌개 500g,"4,384",별점 4.82점,"2,391",https://sitem.ssgcdn.com/85/64/17/item/1000043176485_i1_290.jpg,https://www.ssg.com/item/itemView.ssg?itemId=1000043176485&siteNo=6001&salestrNo=2034
32,A)파머스픽 흙대파(봉),"2,580",별점 4.89점,"171,925",https://sitem.ssgcdn.com/16/79/70/item/0000009707916_i1_290.jpg,https://www.ssg.com/item/itemView.ssg?itemId=0000009707916&siteNo=6001&salestrNo=2034
33,[피코크] 훈제 오리 다리 살 슬라이스 200g,"4,980",별점 4.92점,"60,045",https://sitem.ssgcdn.com/94/13/07/item/0000009071394_i1_290.jpg,https://www.ssg.com/item/itemView.ssg?itemId=0000009071394&siteNo=6001&salestrNo=2034
34,봄 신상을 가장 먼저 만나보세요! 최대 77% OFF + 추가쿠폰,"69,600",별점 4.65점,175,https://sitem.ssgcdn.com/85/86/00/item/1000051008685_i1_290.jpg,https://www.ssg.com/item/dealItemView.ssg?itemId=1000051008685&siteNo=6009&salestrNo=1002
201,"이디야 커피,차 모음","3,510",별점 4.89점,"5,492",https://sitem.ssgcdn.com/08/10/86/item/1000313861008_i1_290.jpg,https://www.ssg.com/item/dealItemView.ssg?itemId=1000313861008&siteNo=6001&salestrNo=2034
120,켈로그 콘푸로스트 600g,"6,580",별점 4.94점,"87,740",https://sitem.ssgcdn.com/43/94/60/item/0000006609443_i1_290.jpg,https://www.ssg.com/item/itemView.ssg?itemId=0000006609443&siteNo=6001&salestrNo=2034
121,감자 치즈볼360g,"7,980",별점 4.77점,478,https://sitem.ssgcdn.com/36/07/38/item/1000065380736_i1_290.jpg,https://www.ssg.com/item/itemView.ssg?itemId=1000065380736&siteNo=6001&salestrNo=2034
122,NEW 립 글로우,"43,700",별점 4.91점,"15,291",https://sitem.ssgcdn.com/37/81/15/item/0000000158137_i1_290.jpg,https://www.ssg.com/item/itemView.ssg?itemId=0000000158137&siteNo=6009&salestrNo=1004
123,노브랜드 떡국떡 800g,"1,680",별점 4.92점,"77,909",https://sitem.ssgcdn.com/44/43/90/item/1000033904344_i1_290.jpg,https://www.ssg.com/item/itemView.ssg?itemId=1000033904344&siteNo=6001&salestrNo=2034
124,피코크 자연치즈를 99% 담은 모짜렐라 슈레드치즈 1kg (피자치즈),"11,184",별점 4.92점,878,https://sitem.ssgcdn.com/85/39/08/item/1000061083985_i1_290.jpg,https://www.ssg.com/item/itemView.ssg?itemId=1000061083985&siteNo=6001&salestrNo=2034
125,국내산 앞다리 불고기용 (100g),"1,480",별점 4.87점,"89,885",https://sitem.ssgcdn.com/19/22/67/item/1000005672219_i1_290.jpg,https://www.ssg.com/item/itemView.ssg?itemId=1000005672219&siteNo=6001&salestrNo=2034
35,농심 얼큰한 너구리 (120gx5입),"4,080",별점 4.95점,"209,761",https://sitem.ssgcdn.com/20/36/33/item/0000008333620_i1_290.jpg,https://www.ssg.com/item/itemView.ssg?itemId=0000008333620&siteNo=6001&salestrNo=2034
36,[농심] 육개장 사발면 (86gx6입),"4,500",별점 4.95점,"200,401",https://sitem.ssgcdn.com/10/36/33/item/0000008333610_i1_290.jpg,https://www.ssg.com/item/itemView.ssg?itemId=0000008333610&siteNo=6001&salestrNo=2034
37,대추방울토마토 750g/팩,"5,900",별점 4.81점,"15,045",https://sitem.ssgcdn.com/88/02/83/item/1000040830288_i1_290.jpg,https://www.ssg.com/item/itemView.ssg?itemId=1000040830288&siteNo=6001&salestrNo=2034
38,[매일] 우유 오리지널 후레쉬팩 900ML*2,"4,580",별점 4.95점,"96,615",https://sitem.ssgcdn.com/31/09/68/item/1000026680931_i1_290.jpg,https://www.ssg.com/item/itemView.ssg?itemId=1000026680931&siteNo=6001&salestrNo=2034
39,[노브랜드]한입쏙쏙비엔나 550g,"4,980",별점 4.93점,"106,616",https://sitem.ssgcdn.com/67/17/83/item/1000033831767_i1_290.jpg,https://www.ssg.com/item/itemView.ssg?itemId=1000033831767&siteNo=6001&salestrNo=2034
40,[풀무원] 국산 콩 순두부 (350g),"2,000",별점 4.95점,"145,650",https://sitem.ssgcdn.com/44/52/61/item/0000006615244_i1_290.jpg,https://www.ssg.com/item/itemView.ssg?itemId=0000006615244&siteNo=6001&salestrNo=2034
202,농심 오징어집 83g,"1,200",별점 4.95점,"45,245",https://sitem.ssgcdn.com/72/29/66/item/1000018662972_i1_290.jpg,https://www.ssg.com/item/itemView.ssg?itemId=1000018662972&siteNo=6001&salestrNo=2034
203,호랑이 맨투맨+셔츠+조거팬츠,"39,824",별점 4.95점,55,https://sitem.ssgcdn.com/85/00/11/item/1000310110085_i1_290.jpg,https://www.ssg.com/item/dealItemView.ssg?itemId=1000310110085&siteNo=6009&salestrNo=1002
204,노브랜드 아삭한 쌈무 350g,"1,880",별점 4.94점,"30,406",https://sitem.ssgcdn.com/44/22/66/item/1000042662244_i1_290.jpg,https://www.ssg.com/item/itemView.ssg?itemId=1000042662244&siteNo=6001&salestrNo=2034
205,[유한] 펑크린 (1.5ℓ + 200ml),"3,280",별점 4.93점,"25,565",https://sitem.ssgcdn.com/63/05/85/item/1000039850563_i1_290.jpg,https://www.ssg.com/item/itemView.ssg?itemId=1000039850563&siteNo=6001&salestrNo=2034
206,피코크 정통 꿔바로우500g,"7,480",별점 4.81점,"28,887",https://sitem.ssgcdn.com/97/83/37/item/1000043378397_i1_290.jpg,https://www.ssg.com/item/itemView.ssg?itemId=1000043378397&siteNo=6001&salestrNo=2034
207,[오뚜기] 골드 마요네즈 (300g),"2,680",별점 4.95점,"68,648",https://sitem.ssgcdn.com/27/94/60/item/0000006609427_i1_290.jpg,https://www.ssg.com/item/itemView.ssg?itemId=0000006609427&siteNo=6001&salestrNo=2034
126,GAP무농약 뿌리없는새송이,"3,480",별점 4.92점,"89,061",https://sitem.ssgcdn.com/27/63/37/item/1000011376327_i1_290.jpg,https://www.ssg.com/item/itemView.ssg?itemId=1000011376327&siteNo=6001&salestrNo=2034
127,[21년산 햅쌀] 철원오대쌀20kg,"79,900",별점 4.85점,214,https://sitem.ssgcdn.com/34/47/29/item/2097001294734_i1_290.jpg,https://www.ssg.com/item/itemView.ssg?itemId=2097001294734&siteNo=6001&salestrNo=2449
128,"[마시모두띠 여성] 시즌오프  최대 -70%, 상품추가!","119,000",별점 4.75점,65,https://sitem.ssgcdn.com/51/55/43/item/1000034435551_i1_290.jpg,https://www.ssg.com/item/dealItemView.ssg?itemId=1000034435551&siteNo=6004&salestrNo=6005
129,"DMU19161 모르건 남성 고어텍스 블루종 자켓 항공점퍼 바람막이 등산,여행,캠핑,낚시","58,650",별점 3.5점,2,https://sitem.ssgcdn.com/88/67/09/item/1000036096788_i1_290.jpg,https://www.ssg.com/item/itemView.ssg?itemId=1000036096788&siteNo=6009&salestrNo=1004
130,CJ양념이 잘 배는 찌개두부300g,"1,380",별점 4.93점,"72,920",https://sitem.ssgcdn.com/02/46/00/item/1000019004602_i1_290.jpg,https://www.ssg.com/item/itemView.ssg?itemId=1000019004602&siteNo=6001&salestrNo=2034
131,[오뚜기] 스낵면 540g (108g*5입),"2,360",별점 4.94점,"103,516",https://sitem.ssgcdn.com/73/78/61/item/0000006617873_i1_290.jpg,https://www.ssg.com/item/itemView.ssg?itemId=0000006617873&siteNo=6001&salestrNo=2034
41,[CJ] 비비고왕교자1.12kg,"9,980",별점 4.95점,"68,509",https://sitem.ssgcdn.com/85/58/93/item/1000025935885_i1_290.jpg,https://www.ssg.com/item/itemView.ssg?itemId=1000025935885&siteNo=6001&salestrNo=2034
42,삼다수 500ml,430,별점 4.95점,"110,516",https://sitem.ssgcdn.com/75/07/33/item/1000015330775_i1_290.jpg,https://www.ssg.com/item/itemView.ssg?itemId=1000015330775&siteNo=6001&salestrNo=2034
43,★쿠폰 페스티벌★ 냉장고가 든든하면 마음이 든든! 신선&냉동냉장식품 특가!,"16,480",별점 4.89점,"57,701",https://sitem.ssgcdn.com/93/27/80/item/1000061802793_i1_290.jpg,https://www.ssg.com/item/dealItemView.ssg?itemId=1000061802793&siteNo=6002&salestrNo=2154
44,노브랜드 3겹 화장지 30m 30롤,"7,900",별점 4.92점,"13,249",https://sitem.ssgcdn.com/42/85/60/item/1000210608542_i1_290.jpg,https://www.ssg.com/item/itemView.ssg?itemId=1000210608542&siteNo=6001&salestrNo=2034
45,크리넥스 3겹 데코&소프트 30m*30롤,"20,900",별점 4.92점,"29,720",https://sitem.ssgcdn.com/48/82/31/item/1000005318248_i1_290.jpg,https://www.ssg.com/item/itemView.ssg?itemId=1000005318248&siteNo=6001&salestrNo=2034
46,오뚜기 진라면 순한맛 120g(5입),"3,100",별점 4.95점,"169,197",https://sitem.ssgcdn.com/69/08/61/item/0000006610869_i1_290.jpg,https://www.ssg.com/item/itemView.ssg?itemId=0000006610869&siteNo=6001&salestrNo=2034
208,[서울우유] 체다 슬라이스 치즈(300g2개입) 600g,"6,280",별점 4.94점,"87,440",https://sitem.ssgcdn.com/12/56/89/item/0000008895612_i1_290.jpg,https://www.ssg.com/item/itemView.ssg?itemId=0000008895612&siteNo=6001&salestrNo=2034
209,카레여왕마늘양파 108g,"3,280",별점 4.95점,"79,592",https://sitem.ssgcdn.com/77/06/69/item/0000007690677_i1_290.jpg,https://www.ssg.com/item/itemView.ssg?itemId=0000007690677&siteNo=6001&salestrNo=2034
210,[오리온] 왕고래밥 56g,980,별점 4.95점,"85,198",https://sitem.ssgcdn.com/77/89/32/item/0000008328977_i1_290.jpg,https://www.ssg.com/item/itemView.ssg?itemId=0000008328977&siteNo=6001&salestrNo=2034
211,맛있다! 재래김 광천김 100g (5g*20),"7,980",별점 4.89점,"5,968",https://sitem.ssgcdn.com/65/52/40/item/1000034405265_i1_290.jpg,https://www.ssg.com/item/itemView.ssg?itemId=1000034405265&siteNo=6001&salestrNo=2034
212,[노브랜드]간편한 유부초밥 540g,"4,980",별점 4.94점,"66,002",https://sitem.ssgcdn.com/36/20/23/item/1000031232036_i1_290.jpg,https://www.ssg.com/item/itemView.ssg?itemId=1000031232036&siteNo=6001&salestrNo=2034
213,[빙그레] 바나나맛 우유(240ml4개) 960ml,"4,900",별점 4.95점,"47,260",https://sitem.ssgcdn.com/96/55/61/item/0000006615596_i1_290.jpg,https://www.ssg.com/item/itemView.ssg?itemId=0000006615596&siteNo=6001&salestrNo=2034
132,[남양] 맛있는 우유 GT 900ml×2,"4,980",별점 4.94점,"125,530",https://sitem.ssgcdn.com/75/33/58/item/1000004583375_i1_290.jpg,https://www.ssg.com/item/itemView.ssg?itemId=1000004583375&siteNo=6001&salestrNo=2034
133,인기 침구 대전,"22,500",별점 4.81점,"2,039",https://sitem.ssgcdn.com/01/15/22/item/1000033221501_i1_290.jpg,https://www.ssg.com/item/dealItemView.ssg?itemId=1000033221501&siteNo=6009&salestrNo=1002
134,[서울우유] 속편한 우유 저지방 (900ml*2),"4,480",별점 4.91점,"23,151",https://sitem.ssgcdn.com/61/94/88/item/1000018889461_i1_290.jpg,https://www.ssg.com/item/itemView.ssg?itemId=1000018889461&siteNo=6001&salestrNo=2034
135,"SS 시즌 신상 금,토,일 3일 역대급 세일 최대 80% OFF+추가 쿠폰","32,000",별점 4.7점,200,https://sitem.ssgcdn.com/08/41/86/item/1000050864108_i1_290.jpg,https://www.ssg.com/item/dealItemView.ssg?itemId=1000050864108&siteNo=6009&salestrNo=1002
136,서울우유 1.8L,"4,990",별점 4.94점,"67,941",https://sitem.ssgcdn.com/15/51/61/item/0000006615115_i1_290.jpg,https://www.ssg.com/item/itemView.ssg?itemId=0000006615115&siteNo=6001&salestrNo=2034
137,파격사은증정★장기무이자[세라젬] 마스터 V6 척추온열 의료기기 의료 가전,"4,900,000",별점 5점,17,https://sitem.ssgcdn.com/56/73/63/item/1000201637356_i1_290.jpg,https://www.ssg.com/item/itemView.ssg?itemId=1000201637356&siteNo=6004&salestrNo=6005
47,(A) 양파 (1.8kg/망),"2,784",별점 4.8점,"198,961",https://sitem.ssgcdn.com/29/83/85/item/1000007858329_i1_290.jpg,https://www.ssg.com/item/itemView.ssg?itemId=1000007858329&siteNo=6001&salestrNo=2034
48,노브랜드 키친타올 200매*6롤,"4,900",별점 4.94점,"53,017",https://sitem.ssgcdn.com/84/59/06/item/1000029065984_i1_290.jpg,https://www.ssg.com/item/itemView.ssg?itemId=1000029065984&siteNo=6001&salestrNo=2034
49,(쓱배송)  [맥심] 모카골드 마일드 커피믹스 250입,"29,200",별점 4.95점,"83,408",https://sitem.ssgcdn.com/83/47/02/item/0000007024783_i1_290.jpg,https://www.ssg.com/item/itemView.ssg?itemId=0000007024783&siteNo=6001&salestrNo=2034
50,쓱-배송으로 간편하게 원하는 날짜에 !,"6,980",별점 4.89점,"94,807",https://sitem.ssgcdn.com/41/75/96/item/1000129967541_i1_290.jpg,https://www.ssg.com/item/dealItemView.ssg?itemId=1000129967541&siteNo=6001&salestrNo=2034
51,피코크 에이 클래스 우유 2.3L (1A등급)(남양유업),"4,960",별점 4.9점,"36,338",https://sitem.ssgcdn.com/36/82/38/item/1000057388236_i1_290.jpg,https://www.ssg.com/item/itemView.ssg?itemId=1000057388236&siteNo=6001&salestrNo=2034
52,노브랜드 쫄깃한 베이컨 300g,"4,180",별점 4.92점,"54,880",https://sitem.ssgcdn.com/87/21/36/item/1000045362187_i1_290.jpg,https://www.ssg.com/item/itemView.ssg?itemId=1000045362187&siteNo=6001&salestrNo=2034
53,노브랜드 감자칩 오리지날 110g,890,별점 4.9점,"106,382",https://sitem.ssgcdn.com/54/13/19/item/1000012191354_i1_290.jpg,https://www.ssg.com/item/itemView.ssg?itemId=1000012191354&siteNo=6001&salestrNo=2034
214,[H20] 시그니처 캔버스 토트백 HIBA1E108I2,"181,959",별점 4.9점,83,https://sitem.ssgcdn.com/74/32/52/item/1000063523274_i1_290.jpg,https://www.ssg.com/item/itemView.ssg?itemId=1000063523274&siteNo=6009&salestrNo=1004
215,[서울우유] 비요뜨 초코링 (143g*2개),"2,550",별점 4.96점,"85,947",https://sitem.ssgcdn.com/07/05/90/item/0000007900507_i1_290.jpg,https://www.ssg.com/item/itemView.ssg?itemId=0000007900507&siteNo=6001&salestrNo=2034
216,CJ 미정당국물떡볶이401.2g,"3,980",별점 4.84점,"24,091",https://sitem.ssgcdn.com/21/95/73/item/1000029739521_i1_290.jpg,https://www.ssg.com/item/itemView.ssg?itemId=1000029739521&siteNo=6001&salestrNo=2034
217,종가집/청정원 브랜드관 오픈 최대 1+1 행사,"8,790",별점 4.9점,"617,444",https://sitem.ssgcdn.com/25/10/72/item/1000313721025_i1_290.jpg,https://www.ssg.com/item/dealItemView.ssg?itemId=1000313721025&siteNo=6001&salestrNo=2034
218,양상추(봉),"1,960",별점 4.83점,"141,898",https://sitem.ssgcdn.com/58/84/01/item/1000000018458_i1_290.jpg,https://www.ssg.com/item/itemView.ssg?itemId=1000000018458&siteNo=6001&salestrNo=2034
219,해태 오예스 딸기치즈케이크336g,"3,980",별점 4.78점,95,https://sitem.ssgcdn.com/10/95/46/item/1000302469510_i1_290.jpg,https://www.ssg.com/item/itemView.ssg?itemId=1000302469510&siteNo=6001&salestrNo=2034
138,노브랜드 미네랄워터 500ml*20,"3,600",별점 4.96점,"36,577",https://sitem.ssgcdn.com/60/49/23/item/1000043234960_i1_290.jpg,https://www.ssg.com/item/itemView.ssg?itemId=1000043234960&siteNo=6001&salestrNo=2034
139,[노브랜드] 딸기 담은 요구르트 750ml,"2,080",별점 4.91점,"15,560",https://sitem.ssgcdn.com/36/47/80/item/1000018804736_i1_290.jpg,https://www.ssg.com/item/itemView.ssg?itemId=1000018804736&siteNo=6001&salestrNo=2034
140,쓱창립기념 한정입고 [공식]다이슨 에어랩 스타일러 컴플리트 일반,"649,000",별점 4.94점,"2,033",https://sitem.ssgcdn.com/03/83/82/item/1000058828303_i1_290.jpg,https://www.ssg.com/item/itemView.ssg?itemId=1000058828303&siteNo=6004&salestrNo=6005
141,노브랜드 Suprise 3겹 화장지 27m*36롤,"11,800",별점 4.9점,"7,643",https://sitem.ssgcdn.com/45/07/25/item/1000041250745_i1_290.jpg,https://www.ssg.com/item/itemView.ssg?itemId=1000041250745&siteNo=6001&salestrNo=2034
142,오드퍼퓸 75ml 택1,"223,250",별점 4.93점,"1,419",https://sitem.ssgcdn.com/06/79/87/item/1000029877906_i1_290.jpg,https://www.ssg.com/item/itemView.ssg?itemId=1000029877906&siteNo=6009&salestrNo=1004
143,[SSG독점모델]딤채 2022년형 1등급 스탠드형김치냉장고 ZDT33EFMUT 330리터 3룸,"1,320,000",별점 4.82점,17,https://sitem.ssgcdn.com/80/73/09/item/1000268097380_i1_290.jpg,https://www.ssg.com/item/itemView.ssg?itemId=1000268097380&siteNo=6004&salestrNo=6005
54,"맥북프로 16 M1 Pro (CPU 10코어 GPU 16코어), RAM 16GB, SSD 512GB 스페이스그레이","3,091,200",별점 4.2점,5,https://sitem.ssgcdn.com/12/48/30/item/1000270304812_i1_290.jpg,https://www.ssg.com/item/itemView.ssg?itemId=1000270304812&siteNo=6004&salestrNo=6005
55, DWU19162 여성 봄가을 사파리 데이노 자켓,"55,718",별점 5점,2,https://sitem.ssgcdn.com/00/70/40/item/1000303407000_i1_290.jpg,https://www.ssg.com/item/itemView.ssg?itemId=1000303407000&siteNo=6009&salestrNo=1017
56,[칠레산] 생블루베리 310g,"7,980",별점 4.78점,"14,851",https://sitem.ssgcdn.com/78/36/92/item/0000008923678_i1_290.jpg,https://www.ssg.com/item/itemView.ssg?itemId=0000008923678&siteNo=6001&salestrNo=2034
57,[피코크] 미니크로와상300g(생지),"5,980",별점 4.89점,"21,485",https://sitem.ssgcdn.com/86/22/80/item/1000034802286_i1_290.jpg,https://www.ssg.com/item/itemView.ssg?itemId=1000034802286&siteNo=6001&salestrNo=2034
58,킷캣 오리지널 306g,"8,980",별점 4.94점,"4,825",https://sitem.ssgcdn.com/98/19/11/item/1000040111998_i1_290.jpg,https://www.ssg.com/item/itemView.ssg?itemId=1000040111998&siteNo=6001&salestrNo=2034
220,소와나무 체다치즈클래식204g,"2,680",별점 4.93점,"47,227",https://sitem.ssgcdn.com/96/49/59/item/1000027594996_i1_290.jpg,https://www.ssg.com/item/itemView.ssg?itemId=1000027594996&siteNo=6001&salestrNo=2034
221,노브랜드 담백한 살코기참치 90g,980,별점 4.94점,"48,630",https://sitem.ssgcdn.com/68/33/00/item/1000018003368_i1_290.jpg,https://www.ssg.com/item/itemView.ssg?itemId=1000018003368&siteNo=6001&salestrNo=2034
222,해태 에이스샌드 딸기라떼204g,"3,180",별점 4.88점,69,https://sitem.ssgcdn.com/11/95/46/item/1000302469511_i1_290.jpg,https://www.ssg.com/item/itemView.ssg?itemId=1000302469511&siteNo=6001&salestrNo=2034
223,피코크 간편식 대전,"5,980",별점 4.85점,"122,809",https://sitem.ssgcdn.com/95/75/55/item/1000042557595_i1_290.jpg,https://www.ssg.com/item/dealItemView.ssg?itemId=1000042557595&siteNo=6001&salestrNo=2034
144,지프 2021 F/W 맨투맨 5종 택 1 (JM5TSU851/ JM5TSU852/ JM5TSU853/ JM5TSU859/ JM5TSU862),"53,100",,,https://sitem.ssgcdn.com/84/64/89/item/1000310896484_i1_290.jpg,https://www.ssg.com/item/itemView.ssg?itemId=1000310896484&siteNo=6009&salestrNo=1004
145,[오뚜기] 토마토케찹 300g,"1,370",별점 4.95점,"83,815",https://sitem.ssgcdn.com/29/94/60/item/0000006609429_i1_290.jpg,https://www.ssg.com/item/itemView.ssg?itemId=0000006609429&siteNo=6001&salestrNo=2034
146,[상시] 삼성전자 갤럭시 워치4 40mm 블루투스,"231,340",,,https://sitem.ssgcdn.com/07/08/61/item/1000263610807_i1_290.jpg,https://www.ssg.com/item/itemView.ssg?itemId=1000263610807&siteNo=6004&salestrNo=6005
147,노브랜드 물티슈 캡형 100매,800,별점 4.89점,"10,163",https://sitem.ssgcdn.com/91/81/02/item/1000049028191_i1_290.jpg,https://www.ssg.com/item/itemView.ssg?itemId=1000049028191&siteNo=6001&salestrNo=2034
59,우동사리/면요리/만두,"12,980",별점 4.91점,"350,528",https://sitem.ssgcdn.com/49/84/11/item/1000296118449_i1_290.jpg,https://www.ssg.com/item/dealItemView.ssg?itemId=1000296118449&siteNo=6001&salestrNo=2034
60,[WOMEN] 주간PICK! SSG 특별혜택★봄 신상 트렌치/원피스/자켓 外,"53,100",별점 4.82점,"1,357",https://sitem.ssgcdn.com/03/52/59/item/1000059595203_i1_290.jpg,https://www.ssg.com/item/dealItemView.ssg?itemId=1000059595203&siteNo=6004&salestrNo=6005
61,"난이생생 계란 15개입 (왕란, 1020g)","5,980",별점 4.89점,"103,214",https://sitem.ssgcdn.com/29/23/45/item/0000007452329_i1_290.jpg,https://www.ssg.com/item/itemView.ssg?itemId=0000007452329&siteNo=6001&salestrNo=2034
62,대상 브랜드관  경품행사 딜코드,"3,980",별점 4.91점,"1,017,960",https://sitem.ssgcdn.com/69/40/59/item/1000305594069_i1_290.jpg,https://www.ssg.com/item/dealItemView.ssg?itemId=1000305594069&siteNo=6001&salestrNo=2034
224,CJ  햇반쿡반 김치치즈주먹밥 500g,"6,980",별점 4.88점,"25,711",https://sitem.ssgcdn.com/44/34/10/item/1000045103444_i1_290.jpg,https://www.ssg.com/item/itemView.ssg?itemId=1000045103444&siteNo=6001&salestrNo=2034
225,피코크 모짜렐라 비프라자냐 350g,"4,980",별점 4.82점,"7,701",https://sitem.ssgcdn.com/33/93/88/item/1000030889333_i1_290.jpg,https://www.ssg.com/item/itemView.ssg?itemId=1000030889333&siteNo=6001&salestrNo=2034
226,어메이징 훈제오리 500g,"8,480",별점 4.91점,"21,569",https://sitem.ssgcdn.com/77/33/23/item/1000034233377_i1_290.jpg,https://www.ssg.com/item/itemView.ssg?itemId=1000034233377&siteNo=6001&salestrNo=2034
227,[노브랜드] 김밥용 맛 단무지 500g,"1,980",별점 4.92점,"81,410",https://sitem.ssgcdn.com/31/86/48/item/1000013488631_i1_290.jpg,https://www.ssg.com/item/itemView.ssg?itemId=1000013488631&siteNo=6001&salestrNo=2034
228,[서울우유] 더 진한 순수 플레인 요거트 1.8L,"6,400",별점 4.92점,"24,024",https://sitem.ssgcdn.com/95/88/72/item/1000031728895_i1_290.jpg,https://www.ssg.com/item/itemView.ssg?itemId=1000031728895&siteNo=6001&salestrNo=2034
229,소매볼륨 더블 트렌치코트(PM3EC881),"71,100",별점 4.92점,25,https://sitem.ssgcdn.com/39/01/32/item/1000198320139_i1_290.jpg,https://www.ssg.com/item/itemView.ssg?itemId=1000198320139&siteNo=6009&salestrNo=1006
148,피코크차돌깍두기볶음밥 4입 840g,"11,960",별점 4.86점,470,https://sitem.ssgcdn.com/74/48/94/item/1000265944874_i1_290.jpg,https://www.ssg.com/item/itemView.ssg?itemId=1000265944874&siteNo=6001&salestrNo=2034
149,농산 HMR 행사상품 모음전,"5,180",별점 4.92점,"189,646",https://sitem.ssgcdn.com/57/09/33/item/1000050330957_i1_290.jpg,https://www.ssg.com/item/dealItemView.ssg?itemId=1000050330957&siteNo=6001&salestrNo=2034
150,[새콤달콤 과일 모음] 블루베리/포도/오렌지/키위 ~1+1 할인,"5,980",별점 4.82점,"34,520",https://sitem.ssgcdn.com/29/66/22/item/1000063226629_i1_290.jpg,https://www.ssg.com/item/dealItemView.ssg?itemId=1000063226629&siteNo=6001&salestrNo=2034
151,[풀무원] 새콤달콤 유부초밥 330g(4인분),"4,980",별점 4.94점,"53,072",https://sitem.ssgcdn.com/28/58/83/item/0000006835828_i1_290.jpg,https://www.ssg.com/item/itemView.ssg?itemId=0000006835828&siteNo=6001&salestrNo=2034
152,핫도그/만두/간편식,"8,480",별점 4.78점,"46,221",https://sitem.ssgcdn.com/89/69/33/item/1000137336989_i1_290.jpg,https://www.ssg.com/item/dealItemView.ssg?itemId=1000137336989&siteNo=6001&salestrNo=2034
153,[빙그레] 요플레 10개입 기획 85g*10 (맛은 랜덤배송),"5,380",별점 4.89점,"49,555",https://sitem.ssgcdn.com/36/71/49/item/1000024497136_i1_290.jpg,https://www.ssg.com/item/itemView.ssg?itemId=1000024497136&siteNo=6001&salestrNo=2034
63,CJ 행복한콩 몽글몽글 순두부기획 350g*2,"1,950",별점 4.94점,"38,885",https://sitem.ssgcdn.com/09/04/95/item/1000051950409_i1_290.jpg,https://www.ssg.com/item/itemView.ssg?itemId=1000051950409&siteNo=6001&salestrNo=2034
64,[CJ]삼호 부산어묵 골드 300g,"2,180",별점 4.93점,"160,457",https://sitem.ssgcdn.com/15/58/83/item/0000006835815_i1_290.jpg,https://www.ssg.com/item/itemView.ssg?itemId=0000006835815&siteNo=6001&salestrNo=2034
65,오리온 예감 오리지널 192g,"2,880",별점 4.95점,"21,844",https://sitem.ssgcdn.com/33/24/53/item/1000036532433_i1_290.jpg,https://www.ssg.com/item/itemView.ssg?itemId=1000036532433&siteNo=6001&salestrNo=2034
66,삼성전자 갤럭시탭 S8 울트라 SM-X900 WiFi 256GB,"1,402,533",별점 4.58점,24,https://sitem.ssgcdn.com/71/10/77/item/1000297771071_i1_290.jpg,https://www.ssg.com/item/itemView.ssg?itemId=1000297771071&siteNo=6100&salestrNo=2468
67,대왕님표 여주쌀 영호진미 10KG,"33,900",별점 4.92점,241,https://sitem.ssgcdn.com/32/23/69/item/1000297692332_i1_290.jpg,https://www.ssg.com/item/itemView.ssg?itemId=1000297692332&siteNo=6001&salestrNo=2034
68,아이폰 13 자급제 128GB 핑크 (MLPH3KH/A),"1,024,600",별점 4.83점,66,https://sitem.ssgcdn.com/12/58/70/item/1000240705812_i1_290.jpg,https://www.ssg.com/item/itemView.ssg?itemId=1000240705812&siteNo=6100&salestrNo=2468
230,[농심] 꿀꽈배기 90g,"1,280",별점 4.94점,"62,060",https://sitem.ssgcdn.com/18/93/81/item/1000018819318_i1_290.jpg,https://www.ssg.com/item/itemView.ssg?itemId=1000018819318&siteNo=6001&salestrNo=2034
231,우동/어묵 등 따끈따끈 국물류 모음!,"1,100",별점 4.9점,"334,536",https://sitem.ssgcdn.com/47/26/70/item/1000258702647_i1_290.jpg,https://www.ssg.com/item/dealItemView.ssg?itemId=1000258702647&siteNo=6001&salestrNo=2034
232,[농심] 신라면 컵 6입 390g (65g6입),"4,740",별점 4.95점,"64,648",https://sitem.ssgcdn.com/40/36/33/item/0000008333640_i1_290.jpg,https://www.ssg.com/item/itemView.ssg?itemId=0000008333640&siteNo=6001&salestrNo=2034
233,[매일] 소화가 잘되는 저지방 우유 930ml,"3,290",별점 4.94점,"44,274",https://sitem.ssgcdn.com/08/44/09/item/0000008094408_i1_290.jpg,https://www.ssg.com/item/itemView.ssg?itemId=0000008094408&siteNo=6001&salestrNo=2034
234,[냉동][노르웨이] 손질한 고등어살 (800g),"12,980",별점 4.92점,"4,444",https://sitem.ssgcdn.com/66/67/61/item/1000048616766_i1_290.jpg,https://www.ssg.com/item/itemView.ssg?itemId=1000048616766&siteNo=6001&salestrNo=2034
154,노브랜드 미용티슈 230매*6입,"5,980",별점 4.92점,"7,078",https://sitem.ssgcdn.com/84/07/54/item/1000218540784_i1_290.jpg,https://www.ssg.com/item/itemView.ssg?itemId=1000218540784&siteNo=6001&salestrNo=2034
155,풀무원 네컵 연두부 360g,"2,800",별점 4.94점,"75,752",https://sitem.ssgcdn.com/37/95/04/item/1000015049537_i1_290.jpg,https://www.ssg.com/item/itemView.ssg?itemId=1000015049537&siteNo=6001&salestrNo=2034
156,노브랜드 별미포기김치3.5kg,"14,980",별점 4.83점,"23,743",https://sitem.ssgcdn.com/49/49/68/item/1000036684949_i1_290.jpg,https://www.ssg.com/item/itemView.ssg?itemId=1000036684949&siteNo=6001&salestrNo=2034
157,[BEIGE]릴렉스 데님 팬츠(PN7DP201),"42,480",별점 4.92점,36,https://sitem.ssgcdn.com/68/78/48/item/1000288487868_i1_290.jpg,https://www.ssg.com/item/itemView.ssg?itemId=1000288487868&siteNo=6009&salestrNo=1007
158,풋웨어 BEST 데이브레이크/맥스97/와플트레이너 外,"151,240",별점 4.84점,"3,023",https://sitem.ssgcdn.com/58/71/68/item/1000021687158_i1_290.jpg,https://www.ssg.com/item/dealItemView.ssg?itemId=1000021687158&siteNo=6009&salestrNo=1002
69,[목우촌] 주부9단 비엔나소시지 1kg,"8,480",별점 4.91점,"46,483",https://sitem.ssgcdn.com/09/54/96/item/1000032965409_i1_290.jpg,https://www.ssg.com/item/itemView.ssg?itemId=1000032965409&siteNo=6001&salestrNo=2034
70,[오리온] 포카칩 오리지널 66g,"1,180",별점 4.95점,"61,772",https://sitem.ssgcdn.com/32/46/10/item/0000008104632_i1_290.jpg,https://www.ssg.com/item/itemView.ssg?itemId=0000008104632&siteNo=6001&salestrNo=2034
71,[한국야쿠르트] 윌 오리지날 150mlX5개,"7,500",별점 4.94점,"56,834",https://sitem.ssgcdn.com/51/64/48/item/0000008486451_i1_290.jpg,https://www.ssg.com/item/itemView.ssg?itemId=0000008486451&siteNo=6001&salestrNo=2034
72,동원참치 살코기 라이트스탠다드(135g×8) 1080g,"15,980",별점 4.95점,"29,517",https://sitem.ssgcdn.com/86/84/32/item/1000005328486_i1_290.jpg,https://www.ssg.com/item/itemView.ssg?itemId=1000005328486&siteNo=6001&salestrNo=2034
73,피앤지 프리미엄 생활용품 기획전!,"12,900",별점 4.91점,"105,280",https://sitem.ssgcdn.com/81/87/28/item/1000025288781_i1_290.jpg,https://www.ssg.com/item/dealItemView.ssg?itemId=1000025288781&siteNo=6001&salestrNo=2034
235,[청우] 참깨스틱 220g,"4,480",별점 4.93점,"16,390",https://sitem.ssgcdn.com/50/00/61/item/0000006610050_i1_290.jpg,https://www.ssg.com/item/itemView.ssg?itemId=0000006610050&siteNo=6001&salestrNo=2034
236,"[생물][국산] 손질 고등어 (대, 마리)","3,990",별점 4.86점,"21,097",https://sitem.ssgcdn.com/02/63/46/item/0000010466302_i1_290.jpg,https://www.ssg.com/item/itemView.ssg?itemId=0000010466302&siteNo=6001&salestrNo=2034
237,[라이카] Leica Q2 Black +B+W필터+32GB메모리+LCD보호필름,"7,567,230",,,https://sitem.ssgcdn.com/26/99/86/item/1000039869926_i1_290.jpg,https://www.ssg.com/item/itemView.ssg?itemId=1000039869926&siteNo=6004&salestrNo=6005
238,SS 시즌 신상+BEST 상품 역대급 세일 최대 82% OFF+추가 쿠폰,"29,600",별점 4.64점,534,https://sitem.ssgcdn.com/13/59/06/item/1000057065913_i1_290.jpg,https://www.ssg.com/item/dealItemView.ssg?itemId=1000057065913&siteNo=6009&salestrNo=1002
159,노브랜드 통안심치킨텐더 550g,"5,880",별점 4.93점,"9,807",https://sitem.ssgcdn.com/97/04/54/item/1000081540497_i1_290.jpg,https://www.ssg.com/item/itemView.ssg?itemId=1000081540497&siteNo=6001&salestrNo=2034
160,"[마시모두띠 여성] NEW!이번주 신상품! 봄 트렌치코트, 데님 외","159,000",별점 4.81점,"1,661",https://sitem.ssgcdn.com/14/20/23/item/1000042232014_i1_290.jpg,https://www.ssg.com/item/dealItemView.ssg?itemId=1000042232014&siteNo=6004&salestrNo=6005
161,노브랜드 꽉찬 종합어묵 1000g,"4,180",별점 4.91점,"10,944",https://sitem.ssgcdn.com/62/53/96/item/1000064965362_i1_290.jpg,https://www.ssg.com/item/itemView.ssg?itemId=1000064965362&siteNo=6001&salestrNo=2034
162,남성 봄/가을  기능성 캐쥬얼조끼 M아웃핏베스트1,"41,650",별점 5점,6,https://sitem.ssgcdn.com/83/19/76/item/1000195761983_i1_290.jpg,https://www.ssg.com/item/itemView.ssg?itemId=1000195761983&siteNo=6009&salestrNo=1007
163,"22년 봄 신상품 파스텔컬러의 공용 트레이닝세트 정상가 89,000원 KIC5952","59,000",별점 5점,5,https://sitem.ssgcdn.com/59/86/22/item/1000291228659_i1_290.jpg,https://www.ssg.com/item/itemView.ssg?itemId=1000291228659&siteNo=6009&salestrNo=1013
74,팔도비빔면 130g*4개,"3,360",별점 4.93점,"2,853",https://sitem.ssgcdn.com/60/33/95/item/1000273953360_i1_290.jpg,https://www.ssg.com/item/itemView.ssg?itemId=1000273953360&siteNo=6001&salestrNo=2034
75,스케쳐스 키즈 마산점 오픈 특가 9종 택1 SK0GL21Y171,"32,319",,,https://sitem.ssgcdn.com/74/55/01/item/1000314015574_i1_290.jpg,https://www.ssg.com/item/itemView.ssg?itemId=1000314015574&siteNo=6009&salestrNo=1010
76,[종가집] 콩이가득두부찌개용 300g,"1,280",별점 4.94점,"246,993",https://sitem.ssgcdn.com/34/85/58/item/0000007588534_i1_290.jpg,https://www.ssg.com/item/itemView.ssg?itemId=0000007588534&siteNo=6001&salestrNo=2034
77,A)하루대파,990,별점 4.91점,"52,854",https://sitem.ssgcdn.com/19/79/70/item/0000009707919_i1_290.jpg,https://www.ssg.com/item/itemView.ssg?itemId=0000009707919&siteNo=6001&salestrNo=2034
78,강릉초당두부 550g,"2,480",별점 4.94점,"62,400",https://sitem.ssgcdn.com/73/16/85/item/1000010851673_i1_290.jpg,https://www.ssg.com/item/itemView.ssg?itemId=1000010851673&siteNo=6001&salestrNo=2034
79,[CJ] 꼬마돈까스 450g,"3,880",별점 4.92점,"87,546",https://sitem.ssgcdn.com/87/27/24/item/0000007242787_i1_290.jpg,https://www.ssg.com/item/itemView.ssg?itemId=0000007242787&siteNo=6001&salestrNo=2034
239,찹쌀 4kg,"12,800",별점 4.9점,"16,710",https://sitem.ssgcdn.com/72/15/57/item/1000038571572_i1_290.jpg,https://www.ssg.com/item/itemView.ssg?itemId=1000038571572&siteNo=6001&salestrNo=2034
240,[에콰도르산] 치키타 바나나 (1.2kg내외),"3,980",별점 4.79점,"1,481",https://sitem.ssgcdn.com/87/38/01/item/1000278013887_i1_290.jpg,https://www.ssg.com/item/itemView.ssg?itemId=1000278013887&siteNo=6001&salestrNo=2034
241,반스 S/S 스니커즈 득템찬스 ~61%,"27,234",별점 4.66점,50,https://sitem.ssgcdn.com/10/10/61/item/1000066611010_i1_290.jpg,https://www.ssg.com/item/dealItemView.ssg?itemId=1000066611010&siteNo=6004&salestrNo=6005
242,[CJ] 작은 햇반 130g*6,"5,980",별점 4.95점,"25,534",https://sitem.ssgcdn.com/88/35/95/item/0000008953588_i1_290.jpg,https://www.ssg.com/item/itemView.ssg?itemId=0000008953588&siteNo=6001&salestrNo=2034
243,서울우유 아침에주스 오렌지 1.8L,"3,880",별점 4.94점,"53,289",https://sitem.ssgcdn.com/43/60/51/item/1000015516043_i1_290.jpg,https://www.ssg.com/item/itemView.ssg?itemId=1000015516043&siteNo=6001&salestrNo=2034
244,"[노브랜드][냉동] 돼지 목심 바로구이 (1,000g)","9,810",별점 4.88점,"5,231",https://sitem.ssgcdn.com/82/84/07/item/1000137078482_i1_290.jpg,https://www.ssg.com/item/itemView.ssg?itemId=1000137078482&siteNo=6001&salestrNo=2034
245,[피코크] 샤브샤브 요리재료 870g,"9,980",별점 4.85점,"3,729",https://sitem.ssgcdn.com/13/97/35/item/1000049359713_i1_290.jpg,https://www.ssg.com/item/itemView.ssg?itemId=1000049359713&siteNo=6001&salestrNo=2034
164,파머스픽 팽이버섯(봉),"1,180",별점 4.95점,"139,059",https://sitem.ssgcdn.com/11/29/73/item/0000010732911_i1_290.jpg,https://www.ssg.com/item/itemView.ssg?itemId=0000010732911&siteNo=6001&salestrNo=2034
165,세척당근 (1kg/봉),"2,980",별점 4.9점,"57,810",https://sitem.ssgcdn.com/42/74/71/item/0000010717442_i1_290.jpg,https://www.ssg.com/item/itemView.ssg?itemId=0000010717442&siteNo=6001&salestrNo=2034
166,크라운쵸코하임 18개입 284g,"4,780",별점 4.96점,"56,488",https://sitem.ssgcdn.com/56/11/29/item/0000007291156_i1_290.jpg,https://www.ssg.com/item/itemView.ssg?itemId=0000007291156&siteNo=6001&salestrNo=2034
167,피코크 더 클래스 우유 900ml (1등급)(남양유업),"1,984",별점 4.9점,"16,322",https://sitem.ssgcdn.com/00/26/85/item/1000063852600_i1_290.jpg,https://www.ssg.com/item/itemView.ssg?itemId=1000063852600&siteNo=6001&salestrNo=2034
168,SOGA 부드러운 찌개 두부 (300g),"1,400",별점 4.95점,"158,248",https://sitem.ssgcdn.com/31/23/45/item/0000007452331_i1_290.jpg,https://www.ssg.com/item/itemView.ssg?itemId=0000007452331&siteNo=6001&salestrNo=2034
169,노브랜드 위생장갑125매,"1,680",별점 4.95점,"28,591",https://sitem.ssgcdn.com/07/87/42/item/1000040428707_i1_290.jpg,https://www.ssg.com/item/itemView.ssg?itemId=1000040428707&siteNo=6001&salestrNo=2034
80,청정원/종가집 집밥 필수템,"3,980",별점 4.92점,"847,471",https://sitem.ssgcdn.com/80/06/04/item/1000027040680_i1_290.jpg,https://www.ssg.com/item/dealItemView.ssg?itemId=1000027040680&siteNo=6001&salestrNo=2034
81,남녀공용 나이키 데이브레이크 CK2351-101,"85,680",별점 4.82점,"1,208",https://sitem.ssgcdn.com/40/53/80/item/1000057805340_i1_290.jpg,https://www.ssg.com/item/itemView.ssg?itemId=1000057805340&siteNo=6009&salestrNo=1002
82,오늘의 맛있는 신선식품 - 오렌지 外,"8,960",별점 4.86점,"138,891",https://sitem.ssgcdn.com/58/94/41/item/1000314419458_i1_290.jpg,https://www.ssg.com/item/dealItemView.ssg?itemId=1000314419458&siteNo=6001&salestrNo=2034
83,오리온 초코송이 36g*2번들,"1,120",별점 4.96점,"79,191",https://sitem.ssgcdn.com/49/56/69/item/0000007695649_i1_290.jpg,https://www.ssg.com/item/itemView.ssg?itemId=0000007695649&siteNo=6001&salestrNo=2034
84,상품권 모바일교환권 10만원권 [문자발송],"100,000",별점 4.94점,"3,754",https://sitem.ssgcdn.com/50/78/73/item/1000032737850_i1_290.jpg,https://www.ssg.com/item/itemView.ssg?itemId=1000032737850&siteNo=6004&salestrNo=6005
85,"[노브랜드][냉동] 닭가슴살 (1,000g)","5,980",별점 4.93점,"107,416",https://sitem.ssgcdn.com/30/11/65/item/1000018651130_i1_290.jpg,https://www.ssg.com/item/itemView.ssg?itemId=1000018651130&siteNo=6001&salestrNo=2034
246,[오뚜기] 양조식초 1.8L,"2,200",별점 4.93점,"122,710",https://sitem.ssgcdn.com/55/14/62/item/0000006621455_i1_290.jpg,https://www.ssg.com/item/itemView.ssg?itemId=0000006621455&siteNo=6001&salestrNo=2034
247,폰타나 스파게티 500g,"1,980",별점 4.93점,"34,477",https://sitem.ssgcdn.com/48/11/86/item/1000016861148_i1_290.jpg,https://www.ssg.com/item/itemView.ssg?itemId=1000016861148&siteNo=6001&salestrNo=2034
248,파머스픽 가농 1+등급 25개입 특란,"8,280",별점 4.88점,274,https://sitem.ssgcdn.com/40/23/69/item/1000297692340_i1_290.jpg,https://www.ssg.com/item/itemView.ssg?itemId=1000297692340&siteNo=6001&salestrNo=2034
249,[피코크] 훈제 오리 순살 슬라이스 200g,"4,980",별점 4.89점,"15,673",https://sitem.ssgcdn.com/92/13/07/item/0000009071392_i1_290.jpg,https://www.ssg.com/item/itemView.ssg?itemId=0000009071392&siteNo=6001&salestrNo=2034
250,★2022신상★뉴발란스 327/530 나이키 데이브레이크 슈즈 모음,"36,250",별점 4.84점,"5,674",https://sitem.ssgcdn.com/81/20/08/item/1000018082081_i1_290.jpg,https://www.ssg.com/item/dealItemView.ssg?itemId=1000018082081&siteNo=6004&salestrNo=6005
251,[21년산 햅쌀]대왕님표 여주 진상미10kg,"41,900",별점 4.91점,"4,016",https://sitem.ssgcdn.com/44/19/09/item/2097001091944_i1_290.jpg,https://www.ssg.com/item/itemView.ssg?itemId=2097001091944&siteNo=6001&salestrNo=2449
252,[노브랜드] 리얼 데일리너츠 400g (20g*20개입),"9,980",별점 4.93점,"43,364",https://sitem.ssgcdn.com/12/36/63/item/1000026633612_i1_290.jpg,https://www.ssg.com/item/itemView.ssg?itemId=1000026633612&siteNo=6001&salestrNo=2034
170,[종가집] 썰어담은맛김치(PET) 1.2kg,"10,900",별점 4.86점,"7,405",https://sitem.ssgcdn.com/41/30/36/item/0000008363041_i1_290.jpg,https://www.ssg.com/item/itemView.ssg?itemId=0000008363041&siteNo=6001&salestrNo=2034
171,"가장 받고 싶은 선물,프레쉬","83,300",별점 4.85점,"1,455",https://sitem.ssgcdn.com/41/58/01/item/1000054015841_i1_290.jpg,https://www.ssg.com/item/dealItemView.ssg?itemId=1000054015841&siteNo=6009&salestrNo=1002
172,[노브랜드] 숯불매콤닭꼬치 800g,"13,980",별점 4.93점,"18,821",https://sitem.ssgcdn.com/41/09/46/item/1000031460941_i1_290.jpg,https://www.ssg.com/item/itemView.ssg?itemId=1000031460941&siteNo=6001&salestrNo=2034
173,피코크 드립백 커피,"7,680",별점 4.84점,"1,279",https://sitem.ssgcdn.com/89/28/84/item/1000313842889_i1_290.jpg,https://www.ssg.com/item/dealItemView.ssg?itemId=1000313842889&siteNo=6001&salestrNo=2034
174,갤럭시 S22 울트라 512GB 자급제 SM-S908N,"1,488,960",,,https://sitem.ssgcdn.com/50/77/03/item/1000315037750_i1_290.jpg,https://www.ssg.com/item/itemView.ssg?itemId=1000315037750&siteNo=6004&salestrNo=6005
175,크리넥스 울트라클린 화이트 비데 3겹 30m*30롤,"20,748",별점 4.9점,"12,737",https://sitem.ssgcdn.com/10/44/24/item/1000055244410_i1_290.jpg,https://www.ssg.com/item/itemView.ssg?itemId=1000055244410&siteNo=6001&salestrNo=2034
176,[농심] 포스틱 84g,"1,280",별점 4.95점,"45,710",https://sitem.ssgcdn.com/02/44/83/item/1000018834402_i1_290.jpg,https://www.ssg.com/item/itemView.ssg?itemId=1000018834402&siteNo=6001&salestrNo=2034
86,맛있다! 파래김 광천김 100g (5g*20),"7,980",별점 4.92점,"17,769",https://sitem.ssgcdn.com/62/52/40/item/1000034405262_i1_290.jpg,https://www.ssg.com/item/itemView.ssg?itemId=1000034405262&siteNo=6001&salestrNo=2034
87,"돈까스, 만두, 감자튀김","9,980",별점 4.9점,"263,817",https://sitem.ssgcdn.com/80/44/59/item/1000312594480_i1_290.jpg,https://www.ssg.com/item/dealItemView.ssg?itemId=1000312594480&siteNo=6001&salestrNo=2034
88,Wildwood WILD WOOD 와일드 우드 하이킹 슈즈 산야 해변 도보여행 전용 하이킹화 MLM1B5TG1020 정상가 159000원,"44,132",별점 5점,8,https://sitem.ssgcdn.com/30/17/47/item/1000137471730_i1_290.jpg,https://www.ssg.com/item/itemView.ssg?itemId=1000137471730&siteNo=6009&salestrNo=1019
89,"동물복지 유정란 15개입 (대란, 780g)","7,980",별점 4.88점,"59,769",https://sitem.ssgcdn.com/35/22/64/item/0000008642235_i1_290.jpg,https://www.ssg.com/item/itemView.ssg?itemId=0000008642235&siteNo=6001&salestrNo=2034
90,코카콜라 215ml 12입,"7,380",별점 4.96점,"40,268",https://sitem.ssgcdn.com/59/08/89/item/1000033890859_i1_290.jpg,https://www.ssg.com/item/itemView.ssg?itemId=1000033890859&siteNo=6001&salestrNo=2034
91,[요플레] 클래식 플레인 (85g4개),"2,980",별점 4.93점,"52,923",https://sitem.ssgcdn.com/15/56/61/item/0000006615615_i1_290.jpg,https://www.ssg.com/item/itemView.ssg?itemId=0000006615615&siteNo=6001&salestrNo=2034
253,크리넥스 실크소프트 미용티슈 230매 *6입,"8,502",별점 4.91점,"8,840",https://sitem.ssgcdn.com/56/18/20/item/1000039201856_i1_290.jpg,https://www.ssg.com/item/itemView.ssg?itemId=1000039201856&siteNo=6001&salestrNo=2034
254,[웅진] 하늘보리 1.5L,"1,000",별점 4.95점,"48,419",https://sitem.ssgcdn.com/20/19/02/item/0000007021920_i1_290.jpg,https://www.ssg.com/item/itemView.ssg?itemId=0000007021920&siteNo=6001&salestrNo=2034
255,노브랜드 JUST 3겹 화장지30M*30롤,"9,980",별점 4.9점,"1,544",https://sitem.ssgcdn.com/13/96/08/item/1000042089613_i1_290.jpg,https://www.ssg.com/item/itemView.ssg?itemId=1000042089613&siteNo=6001&salestrNo=2034
256,[DUCKDOWN 8020] 어니언 퀼팅 경량 자켓 (3colors) TMJDB4TA01,"42,075",별점 5점,5,https://sitem.ssgcdn.com/60/29/41/item/1000284412960_i1_290.jpg,https://www.ssg.com/item/itemView.ssg?itemId=1000284412960&siteNo=6009&salestrNo=1018
257,[노브랜드] 1A 우유 900mL,"1,980",별점 4.93점,"25,955",https://sitem.ssgcdn.com/22/52/99/item/1000039995222_i1_290.jpg,https://www.ssg.com/item/itemView.ssg?itemId=1000039995222&siteNo=6001&salestrNo=2034
258,이롬 황성주 국산콩 검은콩 두유 190ml*20,"9,880",별점 4.91점,"38,407",https://sitem.ssgcdn.com/27/85/07/item/1000021078527_i1_290.jpg,https://www.ssg.com/item/itemView.ssg?itemId=1000021078527&siteNo=6001&salestrNo=2034
177,(쓱배송)  [맥심] 카누 마일드 로스트 아메리카노 미니 150입,"27,500",별점 4.97점,"28,559",https://sitem.ssgcdn.com/66/52/01/item/1000017015266_i1_290.jpg,https://www.ssg.com/item/itemView.ssg?itemId=1000017015266&siteNo=6001&salestrNo=2034
178,"동물복지 유정란 25개입 (대란, 1300g)","10,800",별점 4.89점,"13,970",https://sitem.ssgcdn.com/17/41/28/item/1000039284117_i1_290.jpg,https://www.ssg.com/item/itemView.ssg?itemId=1000039284117&siteNo=6001&salestrNo=2034
179,[노브랜드] 도시락 김 100g (5g*20),"5,480",별점 4.92점,"72,254",https://sitem.ssgcdn.com/97/89/79/item/1000014798997_i1_290.jpg,https://www.ssg.com/item/itemView.ssg?itemId=1000014798997&siteNo=6001&salestrNo=2034
180,(쓱배송)  [맥심] 화이트골드 커피믹스 250입,"29,200",별점 4.96점,"53,455",https://sitem.ssgcdn.com/47/52/58/item/0000008585247_i1_290.jpg,https://www.ssg.com/item/itemView.ssg?itemId=0000008585247&siteNo=6001&salestrNo=2034
181,중화요리 완성!,"7,480",별점 4.85점,"139,048",https://sitem.ssgcdn.com/31/83/35/item/1000034358331_i1_290.jpg,https://www.ssg.com/item/dealItemView.ssg?itemId=1000034358331&siteNo=6001&salestrNo=2034
182,"노브랜드우동사리1,150g","2,280",별점 4.94점,"16,932",https://sitem.ssgcdn.com/45/69/02/item/1000054026945_i1_290.jpg,https://www.ssg.com/item/itemView.ssg?itemId=1000054026945&siteNo=6001&salestrNo=2034
183,[노브랜드] 우리 쌀밥 한공기 210g,880,별점 4.94점,"18,852",https://sitem.ssgcdn.com/20/52/99/item/1000039995220_i1_290.jpg,https://www.ssg.com/item/itemView.ssg?itemId=1000039995220&siteNo=6001&salestrNo=2034
92,다담 순두부 찌개양념(140g),"1,680",별점 4.94점,"53,719",https://sitem.ssgcdn.com/98/51/61/item/0000006615198_i1_290.jpg,https://www.ssg.com/item/itemView.ssg?itemId=0000006615198&siteNo=6001&salestrNo=2034
93,[오뚜기] 열라면 5입 (120g*5입),"3,100",별점 4.95점,"73,444",https://sitem.ssgcdn.com/40/95/60/item/0000006609540_i1_290.jpg,https://www.ssg.com/item/itemView.ssg?itemId=0000006609540&siteNo=6001&salestrNo=2034
94,[점포상품] 아동실내복 모음,"9,900",별점 4.8점,56,https://sitem.ssgcdn.com/70/22/97/item/1000206972270_i1_290.jpg,https://www.ssg.com/item/dealItemView.ssg?itemId=1000206972270&siteNo=6001&salestrNo=2034
95,[피코크]순희네 녹두 빈대떡 400g,"7,980",별점 4.83점,"23,738",https://sitem.ssgcdn.com/03/94/03/item/0000010039403_i1_290.jpg,https://www.ssg.com/item/itemView.ssg?itemId=0000010039403&siteNo=6001&salestrNo=2034
96,[CARLYN]브랜드위크! 22SS 출시 기념 단독 10%할인 특가★최대 24% 쿠폰까지 받아가세요♥,"39,520",별점 4.79점,799,https://sitem.ssgcdn.com/83/10/40/item/1000045401083_i1_290.jpg,https://www.ssg.com/item/dealItemView.ssg?itemId=1000045401083&siteNo=6004&salestrNo=6005
97,맛있는우유GT 멸균 200ml*24,"10,980",별점 4.92점,"27,561",https://sitem.ssgcdn.com/33/56/79/item/1000032795633_i1_290.jpg,https://www.ssg.com/item/itemView.ssg?itemId=1000032795633&siteNo=6001&salestrNo=2034
259,[팔도] 짬뽕 왕뚜껑 110g,"1,000",별점 4.91점,"20,884",https://sitem.ssgcdn.com/54/10/61/item/0000006611054_i1_290.jpg,https://www.ssg.com/item/itemView.ssg?itemId=0000006611054&siteNo=6001&salestrNo=2034
260,[본사직영정품]한율 자연을 닮은 시트마스크 1매 23ml(옵션),"1,500",별점 4.95점,43,https://sitem.ssgcdn.com/28/06/19/item/1000043190628_i1_290.jpg,https://www.ssg.com/item/itemView.ssg?itemId=1000043190628&siteNo=6001&salestrNo=6005
261,[CJ] 고메핫도그 크리스피 480g,"6,980",별점 4.91점,"35,529",https://sitem.ssgcdn.com/23/26/99/item/1000020992623_i1_290.jpg,https://www.ssg.com/item/itemView.ssg?itemId=1000020992623&siteNo=6001&salestrNo=2034
262,[CJ] 계란을 입혀 부쳐 먹으면 정말 맛있는 소시지 160g,"1,200",별점 4.91점,"74,681",https://sitem.ssgcdn.com/31/10/08/item/0000007081031_i1_290.jpg,https://www.ssg.com/item/itemView.ssg?itemId=0000007081031&siteNo=6001&salestrNo=2034
263,통귀리 그래놀라 500g,"8,880",별점 4.87점,"8,256",https://sitem.ssgcdn.com/61/24/72/item/1000035722461_i1_290.jpg,https://www.ssg.com/item/itemView.ssg?itemId=1000035722461&siteNo=6001&salestrNo=2034
264,청정원 파스타소스 600g(로제),"3,980",별점 4.95점,"49,644",https://sitem.ssgcdn.com/93/37/89/item/1000005893793_i1_290.jpg,https://www.ssg.com/item/itemView.ssg?itemId=1000005893793&siteNo=6001&salestrNo=2034
265,하루채소 미니새송이,990,별점 4.93점,"56,419",https://sitem.ssgcdn.com/74/08/70/item/0000009700874_i1_290.jpg,https://www.ssg.com/item/itemView.ssg?itemId=0000009700874&siteNo=6001&salestrNo=2034
184,청정원 파스타소스 600g(토마토),"3,980",별점 4.93점,"43,543",https://sitem.ssgcdn.com/92/37/89/item/1000005893792_i1_290.jpg,https://www.ssg.com/item/itemView.ssg?itemId=1000005893792&siteNo=6001&salestrNo=2034
185,농심 신라면 건면 5입,"4,380",별점 4.91점,"66,091",https://sitem.ssgcdn.com/85/60/81/item/1000031816085_i1_290.jpg,https://www.ssg.com/item/itemView.ssg?itemId=1000031816085&siteNo=6001&salestrNo=2034
186,냉동 간식 제품 모음전,"8,980",별점 4.88점,"204,928",https://sitem.ssgcdn.com/04/17/54/item/1000206541704_i1_290.jpg,https://www.ssg.com/item/dealItemView.ssg?itemId=1000206541704&siteNo=6001&salestrNo=2034
187,크라운 화이트하임 18개입 284g,"4,780",별점 4.96점,"33,647",https://sitem.ssgcdn.com/57/11/29/item/0000007291157_i1_290.jpg,https://www.ssg.com/item/itemView.ssg?itemId=0000007291157&siteNo=6001&salestrNo=2034
188,코카콜라제로 1.5LX2,"4,480",별점 4.96점,"15,512",https://sitem.ssgcdn.com/08/90/02/item/1000051029008_i1_290.jpg,https://www.ssg.com/item/itemView.ssg?itemId=1000051029008&siteNo=6001&salestrNo=2034
189,[Heinz] 하인즈 토마토 케찹 570g,"2,980",별점 4.95점,"10,818",https://sitem.ssgcdn.com/73/81/37/item/1000043378173_i1_290.jpg,https://www.ssg.com/item/itemView.ssg?itemId=1000043378173&siteNo=6001&salestrNo=2034
190,대상 브랜드관 런칭 5천원 할인(3만↑),"1,280",별점 4.91점,"1,014,897",https://sitem.ssgcdn.com/60/04/65/item/1000305650460_i1_290.jpg,https://www.ssg.com/item/dealItemView.ssg?itemId=1000305650460&siteNo=6001&salestrNo=2034
98,삼성전자 갤럭시Z 플립3 256G 자급제 공기계 SM-F711N,"1,117,600",,,https://sitem.ssgcdn.com/44/10/69/item/1000286691044_i1_290.jpg,https://www.ssg.com/item/itemView.ssg?itemId=1000286691044&siteNo=6009&salestrNo=1002
99,[크라운] 쿠크다스 화이트 토르테  288g,"4,380",별점 4.95점,"51,152",https://sitem.ssgcdn.com/09/22/92/item/0000007922209_i1_290.jpg,https://www.ssg.com/item/itemView.ssg?itemId=0000007922209&siteNo=6001&salestrNo=2034
100,[오뚜기] 스위트 콘 (340g),"1,580",별점 4.95점,"93,814",https://sitem.ssgcdn.com/05/02/61/item/0000006610205_i1_290.jpg,https://www.ssg.com/item/itemView.ssg?itemId=0000006610205&siteNo=6001&salestrNo=2034
266,풀무원다논 그릭 달지 않은 플레인 760g(95g*8컵),"5,980",별점 4.89점,"20,775",https://sitem.ssgcdn.com/12/45/24/item/1000027244512_i1_290.jpg,https://www.ssg.com/item/itemView.ssg?itemId=1000027244512&siteNo=6001&salestrNo=2034
267,깨끗한나라 아이리스 30M 30롤,"21,900",별점 4.9점,"7,720",https://sitem.ssgcdn.com/65/52/99/item/1000039995265_i1_290.jpg,https://www.ssg.com/item/itemView.ssg?itemId=1000039995265&siteNo=6001&salestrNo=2034
268,[삼진어묵] 딱 한끼(순한맛) 308g,"3,380",별점 4.93점,"25,319",https://sitem.ssgcdn.com/24/42/38/item/1000028384224_i1_290.jpg,https://www.ssg.com/item/itemView.ssg?itemId=1000028384224&siteNo=6001&salestrNo=2034
269,피코크 자연치즈를 99% 담은 모짜렐라 슈레드치즈 300g(피자치즈),"6,480",별점 4.92점,"3,761",https://sitem.ssgcdn.com/81/99/99/item/1000049999981_i1_290.jpg,https://www.ssg.com/item/itemView.ssg?itemId=1000049999981&siteNo=6001&salestrNo=2034
270,하리보 해피스프링미니144g(12g*12),"3,280",별점 4.9점,50,https://sitem.ssgcdn.com/86/59/01/item/1000295015986_i1_290.jpg,https://www.ssg.com/item/itemView.ssg?itemId=1000295015986&siteNo=6001&salestrNo=2017
271,롯데 카스타드 2번들 460G(20입),"6,980",별점 4.94점,"44,139",https://sitem.ssgcdn.com/04/33/55/item/1000013553304_i1_290.jpg,https://www.ssg.com/item/itemView.ssg?itemId=1000013553304&siteNo=6001&salestrNo=2034
272, 한끼 국탕~디저트까지 총집합,"3,980",별점 4.86점,"206,619",https://sitem.ssgcdn.com/95/63/66/item/1000277666395_i1_290.jpg,https://www.ssg.com/item/dealItemView.ssg?itemId=1000277666395&siteNo=6001&salestrNo=2034
191,노브랜드 리얼데일리넛츠 40봉,"12,800",별점 4.88점,86,https://sitem.ssgcdn.com/24/12/81/item/1000304811224_i1_290.jpg,https://www.ssg.com/item/itemView.ssg?itemId=1000304811224&siteNo=6001&salestrNo=2034
192,(픽업 전용)미즈노 JPX919 HM 핫메탈 아이언 NS950스틸샤프트/R스펙 (8개구성),"790,000",별점 4.67점,3,https://sitem.ssgcdn.com/24/04/42/item/1000181420424_i1_290.jpg,https://www.ssg.com/item/itemView.ssg?itemId=1000181420424&siteNo=6001&salestrNo=2038
193,노브랜드 감자칩 사워크림&어니언 110g,980,별점 4.9점,"85,974",https://sitem.ssgcdn.com/45/56/74/item/1000014745645_i1_290.jpg,https://www.ssg.com/item/itemView.ssg?itemId=1000014745645&siteNo=6001&salestrNo=2034
194,[풀무원]국산콩 투컵 두부 600g,"5,180",별점 4.94점,"121,792",https://sitem.ssgcdn.com/13/78/01/item/1000009017813_i1_290.jpg,https://www.ssg.com/item/itemView.ssg?itemId=1000009017813&siteNo=6001&salestrNo=2034
195,"새로운 쿠션, NEW 메쉬 핑크 쿠션을 만나보세요","89,300",별점 4.88점,"24,416",https://sitem.ssgcdn.com/84/41/54/item/1000052544184_i1_290.jpg,https://www.ssg.com/item/dealItemView.ssg?itemId=1000052544184&siteNo=6009&salestrNo=1002
196,노브랜드 매일마시는요구르트65ml*20,"1,580",별점 4.93점,"5,338",https://sitem.ssgcdn.com/42/63/44/item/1000190446342_i1_290.jpg,https://www.ssg.com/item/itemView.ssg?itemId=1000190446342&siteNo=6001&salestrNo=2034
197,노브랜드 자색고구마칩 110g,980,별점 4.88점,"81,950",https://sitem.ssgcdn.com/91/08/26/item/1000018260891_i1_290.jpg,https://www.ssg.com/item/itemView.ssg?itemId=1000018260891&siteNo=6001&salestrNo=2034
273,노브랜드 별미맛김치1.9kg,"9,880",별점 4.78점,"37,999",https://sitem.ssgcdn.com/05/23/53/item/1000036532305_i1_290.jpg,https://www.ssg.com/item/itemView.ssg?itemId=1000036532305&siteNo=6001&salestrNo=2034
274,맛있는 오뚜기밥 실속 (210g*12입),"10,950",별점 4.95점,"46,299",https://sitem.ssgcdn.com/73/29/88/item/0000008882973_i1_290.jpg,https://www.ssg.com/item/itemView.ssg?itemId=0000008882973&siteNo=6001&salestrNo=2034
275,[국산의힘] 고흥 미역 150g,"3,980",별점 4.91점,"46,739",https://sitem.ssgcdn.com/70/38/67/item/1000012673870_i1_290.jpg,https://www.ssg.com/item/itemView.ssg?itemId=1000012673870&siteNo=6001&salestrNo=2034
276,[노브랜드] 콤비네이션피자 425 g,"3,980",별점 4.81점,"19,872",https://sitem.ssgcdn.com/72/23/72/item/1000035722372_i1_290.jpg,https://www.ssg.com/item/itemView.ssg?itemId=1000035722372&siteNo=6001&salestrNo=2034
277,Apple 에어팟 프로 2021년형 맥세이프충전(MLWK3KH/A),"319,130",별점 4.78점,303,https://sitem.ssgcdn.com/24/22/58/item/1000266582224_i1_290.jpg,https://www.ssg.com/item/itemView.ssg?itemId=1000266582224&siteNo=6100&salestrNo=2468
198,삼다수 330ml,390,별점 4.96점,"21,805",https://sitem.ssgcdn.com/47/41/91/item/1000029914147_i1_290.jpg,https://www.ssg.com/item/itemView.ssg?itemId=1000029914147&siteNo=6001&salestrNo=2034
199, 야채쏙 두부봉 180g,"1,950",별점 4.88점,"43,989",https://sitem.ssgcdn.com/28/49/59/item/0000008594928_i1_290.jpg,https://www.ssg.com/item/itemView.ssg?itemId=0000008594928&siteNo=6001&salestrNo=2034
200,[필리핀산] 고당도 감숙왕 바나나 1.2kg내외,"5,480",별점 4.78점,258,https://sitem.ssgcdn.com/15/87/79/item/1000052798715_i1_290.jpg,https://www.ssg.com/item/itemView.ssg?itemId=1000052798715&siteNo=6001&salestrNo=2034
301,크라운 콘칩 군옥수수맛 148G,"2,380",별점 4.95점,"31,529",https://sitem.ssgcdn.com/40/54/34/item/1000018345440_i1_290.jpg,https://www.ssg.com/item/itemView.ssg?itemId=1000018345440&siteNo=6001&salestrNo=2034
278,베지밀 뼈에좋은 검은콩깨쌀 190ml*16,"15,380",별점 4.91점,"2,819",https://sitem.ssgcdn.com/08/41/89/item/1000004894108_i1_290.jpg,https://www.ssg.com/item/itemView.ssg?itemId=1000004894108&siteNo=6001&salestrNo=2034
279,[삼양] 삼양라면 5입,"2,975",별점 4.93점,"121,691",https://sitem.ssgcdn.com/47/01/61/item/0000006610147_i1_290.jpg,https://www.ssg.com/item/itemView.ssg?itemId=0000006610147&siteNo=6001&salestrNo=2034
280,[트레비] 라임 300ml*20입,"8,780",별점 4.96점,"34,505",https://sitem.ssgcdn.com/62/82/62/item/1000017628262_i1_290.jpg,https://www.ssg.com/item/itemView.ssg?itemId=1000017628262&siteNo=6001&salestrNo=2034
281,★쿠폰 페스티벌★ 지금이 쟁이기 찬스! 대용량 가공식품 특가!,"17,480",별점 4.93점,"75,962",https://sitem.ssgcdn.com/03/59/70/item/1000251705903_i1_290.jpg,https://www.ssg.com/item/dealItemView.ssg?itemId=1000251705903&siteNo=6002&salestrNo=2154
282,아이폰 13 mini 자급제  128GB 핑크 (MLK23KH/A),"893,000",별점 4.88점,48,https://sitem.ssgcdn.com/55/49/99/item/1000240994955_i1_290.jpg,https://www.ssg.com/item/itemView.ssg?itemId=1000240994955&siteNo=6100&salestrNo=2468
283,피코크 핫바베큐치킨300g,"5,480",별점 4.76점,936,https://sitem.ssgcdn.com/42/25/18/item/1000051182542_i1_290.jpg,https://www.ssg.com/item/itemView.ssg?itemId=1000051182542&siteNo=6001&salestrNo=2034
284,[오리온]초코칩쿠키 256G,"2,880",별점 4.94점,"12,403",https://sitem.ssgcdn.com/32/98/05/item/1000026059832_i1_290.jpg,https://www.ssg.com/item/itemView.ssg?itemId=1000026059832&siteNo=6001&salestrNo=2034
302,{프로스펙스}편하고 트렌디한 초경량 남녀 슬립온 / 남녀공용 워킹화 베스트 7종 묶음,"31,021",별점 4.86점,7,https://sitem.ssgcdn.com/06/57/69/item/1000062695706_i1_290.jpg,https://www.ssg.com/item/itemView.ssg?itemId=1000062695706&siteNo=6009&salestrNo=1009
303,코카콜라 1.8L 2입 기획,"5,680",별점 4.94점,"38,549",https://sitem.ssgcdn.com/22/03/71/item/1000009710322_i1_290.jpg,https://www.ssg.com/item/itemView.ssg?itemId=1000009710322&siteNo=6001&salestrNo=2034
304,[피코크]잭슨피자 시카고페퍼로니 535g,"7,980",별점 4.76점,"12,183",https://sitem.ssgcdn.com/14/00/00/item/1000050000014_i1_290.jpg,https://www.ssg.com/item/itemView.ssg?itemId=1000050000014&siteNo=6001&salestrNo=2034
305,[상시] 삼성전자 갤럭시 워치4 44mm 블루투스,"257,140",,,https://sitem.ssgcdn.com/29/85/79/item/1000264798529_i1_290.jpg,https://www.ssg.com/item/itemView.ssg?itemId=1000264798529&siteNo=6004&salestrNo=6005
306,★행사중 ~03/06★ CJ 햇반 210gX18입,"17,480",별점 4.96점,"6,184",https://sitem.ssgcdn.com/01/81/50/item/1000032508101_i1_290.jpg,https://www.ssg.com/item/itemView.ssg?itemId=1000032508101&siteNo=6002&salestrNo=2154
307,아동 나이키 플렉스 러너(PS) NIKE AT4663-001,"39,600",별점 4.97점,162,https://sitem.ssgcdn.com/01/47/35/item/1000033354701_i1_290.jpg,https://www.ssg.com/item/itemView.ssg?itemId=1000033354701&siteNo=6009&salestrNo=1002
285,아이폰 13 자급제 128GB 미드나이트 (MLPF3KH/A),"1,024,600",별점 5점,21,https://sitem.ssgcdn.com/81/57/70/item/1000240705781_i1_290.jpg,https://www.ssg.com/item/itemView.ssg?itemId=1000240705781&siteNo=6100&salestrNo=2468
286,비피더스 명장 기획(140ml*12/점포별 구성 상이함) 1680ml,"4,480",별점 4.92점,"87,689",https://sitem.ssgcdn.com/16/93/36/item/0000008369316_i1_290.jpg,https://www.ssg.com/item/itemView.ssg?itemId=0000008369316&siteNo=6001&salestrNo=2034
287,디럭스미니 카카오230매6입,"8,112",별점 4.9점,"25,390",https://sitem.ssgcdn.com/54/25/91/item/1000020912554_i1_290.jpg,https://www.ssg.com/item/itemView.ssg?itemId=1000020912554&siteNo=6001&salestrNo=2034
288,아토베리어365 토탈 케어세트,"108,000",,,https://sitem.ssgcdn.com/50/27/42/item/1000297422750_i1_290.jpg,https://www.ssg.com/item/itemView.ssg?itemId=1000297422750&siteNo=6004&salestrNo=6005
289,오리온 썬 핫 스파이시 맛 135g,"1,980",별점 4.95점,"33,280",https://sitem.ssgcdn.com/39/33/87/item/1000027873339_i1_290.jpg,https://www.ssg.com/item/itemView.ssg?itemId=1000027873339&siteNo=6001&salestrNo=2034
290,크라운 쿠크다스케이크 154g,"2,980",별점 4.93점,"14,328",https://sitem.ssgcdn.com/49/83/56/item/1000048568349_i1_290.jpg,https://www.ssg.com/item/itemView.ssg?itemId=1000048568349&siteNo=6001&salestrNo=2034
291,[남양] 이오(80ml*15개/점포별 상품구성 다름) 1200ml,"4,470",별점 4.94점,"30,365",https://sitem.ssgcdn.com/43/87/52/item/0000008528743_i1_290.jpg,https://www.ssg.com/item/itemView.ssg?itemId=0000008528743&siteNo=6001&salestrNo=2034
308,피코크 진한 육개장 500g,"4,784",별점 4.89점,"35,678",https://sitem.ssgcdn.com/93/07/02/item/1000005020793_i1_290.jpg,https://www.ssg.com/item/itemView.ssg?itemId=1000005020793&siteNo=6001&salestrNo=2034
309,[코디] 순한 3겹데코 33m*30롤,"14,900",별점 4.88점,"29,747",https://sitem.ssgcdn.com/95/76/32/item/1000011327695_i1_290.jpg,https://www.ssg.com/item/itemView.ssg?itemId=1000011327695&siteNo=6001&salestrNo=2034
310,[G] LG 트롬 원바디 워시 타워 세탁24kg+건조17kg W17WTA,"2,407,677",,,https://sitem.ssgcdn.com/64/00/24/item/1000291240064_i1_290.jpg,https://www.ssg.com/item/itemView.ssg?itemId=1000291240064&siteNo=6004&salestrNo=6005
311,투움바파스타 179.5gX6입,"11,280",별점 4.88점,"18,402",https://sitem.ssgcdn.com/79/05/07/item/1000025070579_i1_290.jpg,https://www.ssg.com/item/itemView.ssg?itemId=1000025070579&siteNo=6002&salestrNo=2154
312,서울우유 슈레드 모짜렐라치즈 1kg,"12,980",별점 4.93점,"25,509",https://sitem.ssgcdn.com/84/07/92/item/1000033920784_i1_290.jpg,https://www.ssg.com/item/itemView.ssg?itemId=1000033920784&siteNo=6001&salestrNo=2034
313,리얼밀 플레인요거트 83g*10입,"3,180",별점 4.9점,"48,741",https://sitem.ssgcdn.com/47/83/46/item/1000017468347_i1_290.jpg,https://www.ssg.com/item/itemView.ssg?itemId=1000017468347&siteNo=6001&salestrNo=2034
292,오리온 촉촉한초코칩 12P+4P 320G,"3,840",별점 4.96점,"31,787",https://sitem.ssgcdn.com/27/25/49/item/1000029492527_i1_290.jpg,https://www.ssg.com/item/itemView.ssg?itemId=1000029492527&siteNo=6001&salestrNo=2034
293,[21년산] 믿고먹는우리쌀 20kg,"54,800",별점 4.89점,"22,827",https://sitem.ssgcdn.com/01/72/08/item/1000018087201_i1_290.jpg,https://www.ssg.com/item/itemView.ssg?itemId=1000018087201&siteNo=6002&salestrNo=2154
294,[농심] 새우깡 400g,"4,200",별점 4.93점,"46,690",https://sitem.ssgcdn.com/97/81/30/item/1000005308197_i1_290.jpg,https://www.ssg.com/item/itemView.ssg?itemId=1000005308197&siteNo=6001&salestrNo=2034
295,풀무원 무농약 국산숙주 240g,"2,600",별점 4.92점,"22,318",https://sitem.ssgcdn.com/98/28/70/item/1000050702898_i1_290.jpg,https://www.ssg.com/item/itemView.ssg?itemId=1000050702898&siteNo=6001&salestrNo=2034
296,[마시모두띠 여성] 22SS SPECIAL PRICE!,"39,000",별점 4.77점,96,https://sitem.ssgcdn.com/85/80/08/item/1000031088085_i1_290.jpg,https://www.ssg.com/item/dealItemView.ssg?itemId=1000031088085&siteNo=6004&salestrNo=6005
297,파머스픽 한라봉 4~6입/박스 (1.5kg내외),"10,900",별점 4.81점,"4,252",https://sitem.ssgcdn.com/35/69/45/item/0000010456935_i1_290.jpg,https://www.ssg.com/item/itemView.ssg?itemId=0000010456935&siteNo=6001&salestrNo=2034
314,[농심] 매운새우깡 90g,"1,100",별점 4.95점,"45,662",https://sitem.ssgcdn.com/71/29/66/item/1000018662971_i1_290.jpg,https://www.ssg.com/item/itemView.ssg?itemId=1000018662971&siteNo=6001&salestrNo=2034
315,티아시아 치킨 마크니 커리 전자레인지용 170g,"3,480",별점 4.83점,"7,137",https://sitem.ssgcdn.com/10/27/70/item/1000064702710_i1_290.jpg,https://www.ssg.com/item/itemView.ssg?itemId=1000064702710&siteNo=6001&salestrNo=2034
316,더달콤 스테비아 대추방울토마토 550g/팩,"8,900",별점 4.77점,"7,162",https://sitem.ssgcdn.com/20/64/17/item/1000043176420_i1_290.jpg,https://www.ssg.com/item/itemView.ssg?itemId=1000043176420&siteNo=6001&salestrNo=2034
317,[다운로드 번호] 포켓몬스터 레전드 아르세우스,"58,320",별점 4.65점,77,https://sitem.ssgcdn.com/27/90/54/item/1000296549027_i1_290.jpg,https://www.ssg.com/item/itemView.ssg?itemId=1000296549027&siteNo=6004&salestrNo=6005
318,비비고 물만두370gx2,"8,980",별점 4.93점,"29,419",https://sitem.ssgcdn.com/00/13/05/item/0000010051300_i1_290.jpg,https://www.ssg.com/item/itemView.ssg?itemId=0000010051300&siteNo=6001&salestrNo=2034
319,[피코크] 정갈한 쇠고기무국 500g,"3,984",별점 4.9점,"13,101",https://sitem.ssgcdn.com/58/50/90/item/1000039905058_i1_290.jpg,https://www.ssg.com/item/itemView.ssg?itemId=1000039905058&siteNo=6001&salestrNo=2034
298,노브랜드 교자만두1000g,"3,980",별점 4.87점,"2,959",https://sitem.ssgcdn.com/34/78/31/item/1000171317834_i1_290.jpg,https://www.ssg.com/item/itemView.ssg?itemId=1000171317834&siteNo=6001&salestrNo=2034
299,백설 진한참기름500ml(캔),"10,800",별점 4.91점,"41,332",https://sitem.ssgcdn.com/34/88/61/item/0000006618834_i1_290.jpg,https://www.ssg.com/item/itemView.ssg?itemId=0000006618834&siteNo=6001&salestrNo=2034
300,노브랜드 정통가쓰오우동간편세트 486.6,"3,180",별점 4.88점,"12,096",https://sitem.ssgcdn.com/19/08/43/item/1000028430819_i1_290.jpg,https://www.ssg.com/item/itemView.ssg?itemId=1000028430819&siteNo=6001&salestrNo=2034
320,[CJ] 햄스빌 베이컨 (110gx3),"8,980",별점 4.93점,"90,176",https://sitem.ssgcdn.com/62/95/46/item/0000007469562_i1_290.jpg,https://www.ssg.com/item/itemView.ssg?itemId=0000007469562&siteNo=6001&salestrNo=2034
321,[노브랜드] 떡볶이 402.5g,"2,980",별점 4.84점,"78,534",https://sitem.ssgcdn.com/40/11/19/item/1000017191140_i1_290.jpg,https://www.ssg.com/item/itemView.ssg?itemId=1000017191140&siteNo=6001&salestrNo=2034
322,[노브랜드] 칠리 새우 400g,"6,580",별점 4.86점,"78,248",https://sitem.ssgcdn.com/54/92/84/item/1000025849254_i1_290.jpg,https://www.ssg.com/item/itemView.ssg?itemId=1000025849254&siteNo=6001&salestrNo=2034
323,[농심] 튀김 우동 컵 (62g6입),"4,740",별점 4.94점,"42,116",https://sitem.ssgcdn.com/50/17/53/item/0000008531750_i1_290.jpg,https://www.ssg.com/item/itemView.ssg?itemId=0000008531750&siteNo=6001&salestrNo=2034
324,[백설] 파스타  500g,"1,980",별점 4.94점,"39,474",https://sitem.ssgcdn.com/26/91/27/item/0000008279126_i1_290.jpg,https://www.ssg.com/item/itemView.ssg?itemId=0000008279126&siteNo=6001&salestrNo=2034
325,[농심] 알새우칩 68g,"1,280",별점 4.94점,"46,286",https://sitem.ssgcdn.com/92/90/68/item/1000018689092_i1_290.jpg,https://www.ssg.com/item/itemView.ssg?itemId=1000018689092&siteNo=6001&salestrNo=2034
326,[샘표] 진간장 금F3 (500ml),"3,480",별점 4.95점,"35,453",https://sitem.ssgcdn.com/08/94/60/item/0000006609408_i1_290.jpg,https://www.ssg.com/item/itemView.ssg?itemId=0000006609408&siteNo=6001&salestrNo=2034
327,[냉동][베트남] 노브랜드 새우살 (81-100) (450g),"10,880",별점 4.91점,"1,994",https://sitem.ssgcdn.com/26/73/08/item/1000113087326_i1_290.jpg,https://www.ssg.com/item/itemView.ssg?itemId=1000113087326&siteNo=6001&salestrNo=2034
328,삼성 건조기+세탁기 DV17T8520BP+WF21T6000KP 전국무료,"1,602,700",,,https://sitem.ssgcdn.com/84/39/43/item/1000290433984_i1_290.jpg,https://www.ssg.com/item/itemView.ssg?itemId=1000290433984&siteNo=6004&salestrNo=6005
329,CJ 비비고 소고기미역국 500g,"4,980",별점 4.93점,"38,363",https://sitem.ssgcdn.com/09/25/91/item/1000020912509_i1_290.jpg,https://www.ssg.com/item/itemView.ssg?itemId=1000020912509&siteNo=6001&salestrNo=2034
330,[페루산] 씨없는 혼합포도 1.36kg/팩,"10,980",별점 4.83점,985,https://sitem.ssgcdn.com/79/42/68/item/1000008684279_i1_290.jpg,https://www.ssg.com/item/itemView.ssg?itemId=1000008684279&siteNo=6001&salestrNo=2034
331,[농심] 백산수 500ml,430,별점 4.93점,"35,316",https://sitem.ssgcdn.com/11/40/03/item/0000010034011_i1_290.jpg,https://www.ssg.com/item/itemView.ssg?itemId=0000010034011&siteNo=6001&salestrNo=2034
332,[아이더 키즈] 봄 가을 아동 맨투맨 트레이닝세트 콜마르 세트 JUP20251,"29,750",별점 4.84점,32,https://sitem.ssgcdn.com/44/17/03/item/1000030031744_i1_290.jpg,https://www.ssg.com/item/itemView.ssg?itemId=1000030031744&siteNo=6009&salestrNo=1006
333,팔도 킹뚜껑,"1,200",별점 4.76점,92,https://sitem.ssgcdn.com/97/99/90/item/1000301909997_i1_290.jpg,https://www.ssg.com/item/itemView.ssg?itemId=1000301909997&siteNo=6001&salestrNo=2034
334,몽쉘 크림케이크384g,"4,780",별점 4.96점,"1,374",https://sitem.ssgcdn.com/85/62/64/item/1000054646285_i1_290.jpg,https://www.ssg.com/item/itemView.ssg?itemId=1000054646285&siteNo=6001&salestrNo=2034
335,[롯데] 빈츠 204g,"3,360",별점 4.96점,"97,033",https://sitem.ssgcdn.com/85/41/01/item/0000009014185_i1_290.jpg,https://www.ssg.com/item/itemView.ssg?itemId=0000009014185&siteNo=6001&salestrNo=2034
336,오랄비 칫솔 프로 엑스퍼트 프로 플렉스 4개입,"11,900",별점 4.88점,"3,778",https://sitem.ssgcdn.com/69/43/43/item/0000008434369_i1_290.jpg,https://www.ssg.com/item/itemView.ssg?itemId=0000008434369&siteNo=6001&salestrNo=2034
337,[노브랜드] 한입 동그랑 땡 700g,"4,880",별점 4.89점,"63,094",https://sitem.ssgcdn.com/69/59/17/item/1000017175969_i1_290.jpg,https://www.ssg.com/item/itemView.ssg?itemId=1000017175969&siteNo=6001&salestrNo=2034
338,롯데 아몬드빼빼로132G,"3,840",별점 4.95점,"31,085",https://sitem.ssgcdn.com/77/24/22/item/1000005222477_i1_290.jpg,https://www.ssg.com/item/itemView.ssg?itemId=1000005222477&siteNo=6001&salestrNo=2034
339,[롯데] 꼬깔콘 군옥수수맛 67g,"1,180",별점 4.95점,"30,120",https://sitem.ssgcdn.com/05/90/32/item/0000008329005_i1_290.jpg,https://www.ssg.com/item/itemView.ssg?itemId=0000008329005&siteNo=6001&salestrNo=2034
340,폰타나 피에몬테 그릴드 머쉬룸 크림 전자레인지용 수프 180g,"2,980",별점 4.86점,"8,555",https://sitem.ssgcdn.com/38/10/81/item/1000053811038_i1_290.jpg,https://www.ssg.com/item/itemView.ssg?itemId=1000053811038&siteNo=6001&salestrNo=2034
341,[반찬특급]집밥을 풍성하게 할인전 (마라탕 인도난 치킨텐더 면요리),"7,300",별점 4.78점,"6,908",https://sitem.ssgcdn.com/93/78/36/item/1000040367893_i1_290.jpg,https://www.ssg.com/item/dealItemView.ssg?itemId=1000040367893&siteNo=6002&salestrNo=6005
342,미닛메이드 오렌지 1.5L,"2,960",별점 4.93점,"10,475",https://sitem.ssgcdn.com/72/62/06/item/0000008066272_i1_290.jpg,https://www.ssg.com/item/itemView.ssg?itemId=0000008066272&siteNo=6001&salestrNo=2034
343,노브랜드 올리브유 1L,"8,880",별점 4.92점,"8,066",https://sitem.ssgcdn.com/91/79/66/item/1000041667991_i1_290.jpg,https://www.ssg.com/item/itemView.ssg?itemId=1000041667991&siteNo=6001&salestrNo=2034
344,깨끗한나라 99.9% 손소독물티슈60매(캡),"3,900",별점 4.89점,"7,878",https://sitem.ssgcdn.com/61/35/89/item/1000009893561_i1_290.jpg,https://www.ssg.com/item/itemView.ssg?itemId=1000009893561&siteNo=6001&salestrNo=2034
345,피코크 BT21 달콤쫄깃찹쌀호떡400g,"5,480",별점 4.86점,"2,830",https://sitem.ssgcdn.com/26/37/60/item/1000066603726_i1_290.jpg,https://www.ssg.com/item/itemView.ssg?itemId=1000066603726&siteNo=6001&salestrNo=2034
346,애플 펜슬 Pencil 2세대 MU8F2KH/A,"160,740",별점 4.91점,740,https://sitem.ssgcdn.com/16/42/71/item/1000032714216_i1_290.jpg,https://www.ssg.com/item/itemView.ssg?itemId=1000032714216&siteNo=6004&salestrNo=6005
347,[종가집] 포기김치 900g,"8,500",별점 4.85점,"4,601",https://sitem.ssgcdn.com/66/48/55/item/1000021554866_i1_290.jpg,https://www.ssg.com/item/itemView.ssg?itemId=1000021554866&siteNo=6001&salestrNo=2034
348,포카리스웨트 1.8L*2,"4,580",별점 4.95점,"15,263",https://sitem.ssgcdn.com/28/59/05/item/0000008055928_i1_290.jpg,https://www.ssg.com/item/itemView.ssg?itemId=0000008055928&siteNo=6001&salestrNo=2034
349,미국산 초이스 갈비살 (100g),"3,880",별점 4.82점,"8,905",https://sitem.ssgcdn.com/38/96/46/item/0000007469638_i1_290.jpg,https://www.ssg.com/item/itemView.ssg?itemId=0000007469638&siteNo=6001&salestrNo=2034
350,[피코크] 파주 장단콩 순두부 350g,"1,980",별점 4.91점,"75,708",https://sitem.ssgcdn.com/93/85/35/item/1000021358593_i1_290.jpg,https://www.ssg.com/item/itemView.ssg?itemId=1000021358593&siteNo=6001&salestrNo=2034
351," 신학기 21년신상 구스 후드경량다운,여아 봄 후드바람막이자켓 2종택1 (정상가139,000원 코지T다운자켓, 여아 그레이스OV자켓 정상가 149,000원 )","69,000",별점 5점,2,https://sitem.ssgcdn.com/97/45/37/item/1000297374597_i1_290.jpg,https://www.ssg.com/item/itemView.ssg?itemId=1000297374597&siteNo=6009&salestrNo=1019
352,(A)잘 다듬은 대파(팩),"1,880",별점 4.9점,"17,141",https://sitem.ssgcdn.com/28/30/71/item/1000036713028_i1_290.jpg,https://www.ssg.com/item/itemView.ssg?itemId=1000036713028&siteNo=6001&salestrNo=2034
353,루쥬 볼립떼 캔디 글레이즈,"46,550",별점 4.92점,173,https://sitem.ssgcdn.com/19/90/02/item/1000283029019_i1_290.jpg,https://www.ssg.com/item/itemView.ssg?itemId=1000283029019&siteNo=6009&salestrNo=1004
354,백진미 오징어 600g (300g*2),"18,980",별점 4.88점,"4,540",https://sitem.ssgcdn.com/21/53/96/item/1000033965321_i1_290.jpg,https://www.ssg.com/item/itemView.ssg?itemId=1000033965321&siteNo=6001&salestrNo=2034
355,[오늘은 레드데이] 사과/토마토 최대~28%할인,"7,900",별점 4.78점,"240,957",https://sitem.ssgcdn.com/56/71/58/item/1000201587156_i1_290.jpg,https://www.ssg.com/item/dealItemView.ssg?itemId=1000201587156&siteNo=6001&salestrNo=2034
356,피코크 해쉬브라운 1280g,"6,980",별점 4.9점,"23,834",https://sitem.ssgcdn.com/58/63/04/item/0000009046358_i1_290.jpg,https://www.ssg.com/item/itemView.ssg?itemId=0000009046358&siteNo=6001&salestrNo=2034
357,노브랜드 비빔쫄면420g,"3,180",별점 4.85점,"17,620",https://sitem.ssgcdn.com/62/68/58/item/1000023586862_i1_290.jpg,https://www.ssg.com/item/itemView.ssg?itemId=1000023586862&siteNo=6001&salestrNo=2034
358,클래식 싱글자켓(SAJK70111),"153,504",별점 4.87점,15,https://sitem.ssgcdn.com/50/21/31/item/1000060312150_i1_290.jpg,https://www.ssg.com/item/itemView.ssg?itemId=1000060312150&siteNo=6009&salestrNo=1004
359,[오리온] 포카칩 어니언맛 66g,"1,180",별점 4.94점,"32,425",https://sitem.ssgcdn.com/35/46/10/item/0000008104635_i1_290.jpg,https://www.ssg.com/item/itemView.ssg?itemId=0000008104635&siteNo=6001&salestrNo=2034
360,피코크 통안심 치킨텐더500g,"6,980",별점 4.91점,"3,001",https://sitem.ssgcdn.com/05/44/69/item/1000076694405_i1_290.jpg,https://www.ssg.com/item/itemView.ssg?itemId=1000076694405&siteNo=6001&salestrNo=2034
361,[피코크]의정부식 부대찌개 680g,"8,980",별점 4.84점,"7,717",https://sitem.ssgcdn.com/18/05/52/item/1000051520518_i1_290.jpg,https://www.ssg.com/item/itemView.ssg?itemId=1000051520518&siteNo=6001&salestrNo=2034
362,피코크 생크림카스테라 150g,"2,864",별점 4.88점,"17,817",https://sitem.ssgcdn.com/73/15/25/item/1000051251573_i1_290.jpg,https://www.ssg.com/item/itemView.ssg?itemId=1000051251573&siteNo=6001&salestrNo=2034
363,[덴마크] 대니쉬 the건강한우유(900ml*2) 1800ml,"4,480",별점 4.93점,"70,532",https://sitem.ssgcdn.com/73/99/68/item/0000009689973_i1_290.jpg,https://www.ssg.com/item/itemView.ssg?itemId=0000009689973&siteNo=6001&salestrNo=2034
364,운동화 균일가 4종중택1/점퍼류10종중택1,"32,643",별점 5점,4,https://sitem.ssgcdn.com/25/92/45/item/1000304459225_i1_290.jpg,https://www.ssg.com/item/itemView.ssg?itemId=1000304459225&siteNo=6009&salestrNo=1004
365,2월28일 단 하루 창고 대방출,"79,900",별점 4.81점,"6,738",https://sitem.ssgcdn.com/79/05/21/item/1000317210579_i1_290.jpg,https://www.ssg.com/item/dealItemView.ssg?itemId=1000317210579&siteNo=6001&salestrNo=2034
366,[신상출시 예약판매] 트위드 라운드넥 베이직 자켓  GM2N0JK21,"62,550",,,https://sitem.ssgcdn.com/62/19/26/item/1000311261962_i1_290.jpg,https://www.ssg.com/item/itemView.ssg?itemId=1000311261962&siteNo=6009&salestrNo=1008
367,[트렌드패션] 지금 입기 좋은 의류 후디 外 ~50% 추가 쿠폰,"26,680",별점 4.8점,184,https://sitem.ssgcdn.com/65/34/00/item/1000035003465_i1_290.jpg,https://www.ssg.com/item/dealItemView.ssg?itemId=1000035003465&siteNo=6004&salestrNo=6005
368,[드래곤백]미니 플랫 고라_탄,"250,684",별점 4.73점,40,https://sitem.ssgcdn.com/26/88/13/item/1000163138826_i1_290.jpg,https://www.ssg.com/item/itemView.ssg?itemId=1000163138826&siteNo=6004&salestrNo=6005
369,★쿠폰 페스티벌★ 대용량 당 들어간다! 사이즈가 다른 과자&간식,"14,580",별점 4.94점,"53,846",https://sitem.ssgcdn.com/45/99/55/item/1000251559945_i1_290.jpg,https://www.ssg.com/item/dealItemView.ssg?itemId=1000251559945&siteNo=6002&salestrNo=2154
370,"[노브랜드][냉동] 닭안심 (1,000g)","5,980",별점 4.92점,"58,322",https://sitem.ssgcdn.com/29/11/65/item/1000018651129_i1_290.jpg,https://www.ssg.com/item/itemView.ssg?itemId=1000018651129&siteNo=6001&salestrNo=2034
371,★쿠폰 페스티벌★ 대용량 음료! 쿠폰과 함께,"9,280",별점 4.94점,"46,186",https://sitem.ssgcdn.com/44/33/69/item/1000251693344_i1_290.jpg,https://www.ssg.com/item/dealItemView.ssg?itemId=1000251693344&siteNo=6002&salestrNo=2154
372,CJ 햇반 매일잡곡밥 12입(210gX12),"11,980",별점 4.94점,"14,009",https://sitem.ssgcdn.com/27/94/07/item/1000040079427_i1_290.jpg,https://www.ssg.com/item/itemView.ssg?itemId=1000040079427&siteNo=6001&salestrNo=2034
373,[종가집] 시원깔끔포기김치 3.3kg,"28,800",별점 4.85점,"19,645",https://sitem.ssgcdn.com/39/21/23/item/1000031232139_i1_290.jpg,https://www.ssg.com/item/itemView.ssg?itemId=1000031232139&siteNo=6001&salestrNo=2034
374,[캐주얼] 탑텐 캐주얼BEST 맨투맨/반팔/레깅스外,"49,900",별점 4.74점,78,https://sitem.ssgcdn.com/01/88/71/item/1000195718801_i1_290.jpg,https://www.ssg.com/item/dealItemView.ssg?itemId=1000195718801&siteNo=6001&salestrNo=2034
375,의류 BEST  아우터/맨투맨/팬츠 外 ~44%,"71,200",별점 4.9점,"5,245",https://sitem.ssgcdn.com/49/51/83/item/1000023835149_i1_290.jpg,https://www.ssg.com/item/dealItemView.ssg?itemId=1000023835149&siteNo=6009&salestrNo=1002
376,CJ 햇반 아산맑은쌀밥 210g x 8개,"9,900",별점 4.94점,"41,685",https://sitem.ssgcdn.com/70/73/94/item/1000010947370_i1_290.jpg,https://www.ssg.com/item/itemView.ssg?itemId=1000010947370&siteNo=6001&salestrNo=2034
377,[노브랜드] 홈스타일 크림 스파게티 소스 400g,"1,780",별점 4.86점,"52,067",https://sitem.ssgcdn.com/28/13/07/item/1000018071328_i1_290.jpg,https://www.ssg.com/item/itemView.ssg?itemId=1000018071328&siteNo=6001&salestrNo=2034
378,[일동] 후디스 그릭요거트 플레인 80g4,"5,400",별점 4.92점,"21,352",https://sitem.ssgcdn.com/00/19/30/item/1000020301900_i1_290.jpg,https://www.ssg.com/item/itemView.ssg?itemId=1000020301900&siteNo=6001&salestrNo=2034
379,[농심] 김치 사발면 (86gx6),"3,750",별점 4.94점,"56,426",https://sitem.ssgcdn.com/78/41/01/item/0000009014178_i1_290.jpg,https://www.ssg.com/item/itemView.ssg?itemId=0000009014178&siteNo=6001&salestrNo=2034
380,동원 양반 진국사골곰탕500g,"1,780",별점 4.91점,"16,842",https://sitem.ssgcdn.com/66/37/75/item/1000044753766_i1_290.jpg,https://www.ssg.com/item/itemView.ssg?itemId=1000044753766&siteNo=6001&salestrNo=2034
381,자연의 시작 불가리스 사과(150ml8개입) 1200ml,"8,680",별점 4.94점,"39,499",https://sitem.ssgcdn.com/80/15/53/item/0000008531580_i1_290.jpg,https://www.ssg.com/item/itemView.ssg?itemId=0000008531580&siteNo=6001&salestrNo=2034
382,[Hipp] 힙 콤비오틱 유기농 1단계 800g,"37,800",별점 4.94점,"2,359",https://sitem.ssgcdn.com/14/17/25/item/1000055251714_i1_290.jpg,https://www.ssg.com/item/itemView.ssg?itemId=1000055251714&siteNo=6001&salestrNo=2034
383,파머스픽 파프리카(L3입/봉),"5,980",별점 4.92점,"10,379",https://sitem.ssgcdn.com/54/76/40/item/1000029407654_i1_290.jpg,https://www.ssg.com/item/itemView.ssg?itemId=1000029407654&siteNo=6001&salestrNo=2034
384,[새벽배송가능] 속초맛집 중앙닭강정 보통/매콤/달콤맛!,"12,900",별점 4.61점,"3,914",https://sitem.ssgcdn.com/55/09/29/item/1000057290955_i1_290.jpg,https://www.ssg.com/item/dealItemView.ssg?itemId=1000057290955&siteNo=7009&salestrNo=2449
385,서울우유 버터 450g,"10,270",별점 4.92점,"29,266",https://sitem.ssgcdn.com/08/50/02/item/0000007025008_i1_290.jpg,https://www.ssg.com/item/itemView.ssg?itemId=0000007025008&siteNo=6001&salestrNo=2034
386,더달콤 스테비아 아삭달달 방울토마토 550g/팩,"7,900",별점 4.75점,548,https://sitem.ssgcdn.com/75/68/50/item/1000275506875_i1_290.jpg,https://www.ssg.com/item/itemView.ssg?itemId=1000275506875&siteNo=6001&salestrNo=2034
387,피코크 블렌디드 딸기 870ml,"8,800",별점 4.89점,"17,944",https://sitem.ssgcdn.com/82/19/25/item/1000011251982_i1_290.jpg,https://www.ssg.com/item/itemView.ssg?itemId=1000011251982&siteNo=6001&salestrNo=2034
388,양송이(팩),"3,486",별점 4.92점,"40,009",https://sitem.ssgcdn.com/06/29/73/item/0000010732906_i1_290.jpg,https://www.ssg.com/item/itemView.ssg?itemId=0000010732906&siteNo=6001&salestrNo=2034
389,[노브랜드] 혼합 9곡 4kg,"9,980",별점 4.89점,"29,775",https://sitem.ssgcdn.com/06/52/61/item/1000015615206_i1_290.jpg,https://www.ssg.com/item/itemView.ssg?itemId=1000015615206&siteNo=6001&salestrNo=2034
390,[신세계백화점]모로칸오일트리트먼트100ml(펌핑기 포함),"54,000",별점 4.94점,"4,900",https://sitem.ssgcdn.com/27/33/00/item/1000033003327_i1_290.jpg,https://www.ssg.com/item/itemView.ssg?itemId=1000033003327&siteNo=6009&salestrNo=1018
391,[백설]  하얀설탕 (1kg),"1,780",별점 4.94점,"54,273",https://sitem.ssgcdn.com/36/92/60/item/0000006609236_i1_290.jpg,https://www.ssg.com/item/itemView.ssg?itemId=0000006609236&siteNo=6001&salestrNo=2034
392,[남양] 드빈치 자연방목치즈 255g*2입기획,"5,480",별점 4.91점,"30,467",https://sitem.ssgcdn.com/81/47/24/item/1000021244781_i1_290.jpg,https://www.ssg.com/item/itemView.ssg?itemId=1000021244781&siteNo=6001&salestrNo=2034
393,[냉장][노르웨이] 내맘대로 연어회 (100g),"3,880",별점 4.83점,"1,751",https://sitem.ssgcdn.com/31/14/86/item/1000054861431_i1_290.jpg,https://www.ssg.com/item/itemView.ssg?itemId=1000054861431&siteNo=6001&salestrNo=2034
394,"풀무원_얇은피꽉찬속 김치만두1,040g","9,980",별점 4.89점,"2,332",https://sitem.ssgcdn.com/73/81/93/item/1000063938173_i1_290.jpg,https://www.ssg.com/item/itemView.ssg?itemId=1000063938173&siteNo=6001&salestrNo=2034
395,후아유  WHO.A.U 본사직영 할인딜 특가~!,"13,410",별점 5점,3,https://sitem.ssgcdn.com/60/89/71/item/1000310718960_i1_290.jpg,https://www.ssg.com/item/dealItemView.ssg?itemId=1000310718960&siteNo=6009&salestrNo=1002
396,매일 오리지널  900ml,"2,610",별점 4.95점,"40,198",https://sitem.ssgcdn.com/95/43/43/item/1000026434395_i1_290.jpg,https://www.ssg.com/item/itemView.ssg?itemId=1000026434395&siteNo=6001&salestrNo=2034
397,루쥬 볼립떼 샤인 NEW 크레이빙 누드,"46,550",별점 4.9점,"7,040",https://sitem.ssgcdn.com/59/18/20/item/0000005201859_i1_290.jpg,https://www.ssg.com/item/itemView.ssg?itemId=0000005201859&siteNo=6009&salestrNo=1004
398,크라운 참쌀선과 253g,"3,880",별점 4.95점,"49,283",https://sitem.ssgcdn.com/67/46/08/item/1000020084667_i1_290.jpg,https://www.ssg.com/item/itemView.ssg?itemId=1000020084667&siteNo=6001&salestrNo=2034
399,오뚜기 오동통면 얼큰한맛 120gX4개,"2,240",별점 4.94점,"56,566",https://sitem.ssgcdn.com/07/49/51/item/1000033514907_i1_290.jpg,https://www.ssg.com/item/itemView.ssg?itemId=1000033514907&siteNo=6001&salestrNo=2034
400,CJ 비비고 수제 진한고기만두400g*2,"8,980",별점 4.91점,"8,906",https://sitem.ssgcdn.com/26/00/00/item/1000050000026_i1_290.jpg,https://www.ssg.com/item/itemView.ssg?itemId=1000050000026&siteNo=6001&salestrNo=2034
401,노브랜드 바삭고추김말이 700 g,"4,680",별점 4.91점,"12,390",https://sitem.ssgcdn.com/08/52/99/item/1000039995208_i1_290.jpg,https://www.ssg.com/item/itemView.ssg?itemId=1000039995208&siteNo=6001&salestrNo=2034
402,[오뚜기] 토마토케찹500g,"2,450",별점 4.95점,"73,548",https://sitem.ssgcdn.com/30/94/60/item/0000006609430_i1_290.jpg,https://www.ssg.com/item/itemView.ssg?itemId=0000006609430&siteNo=6001&salestrNo=2034
403,베이비 데일리 물티슈 120매,990,별점 4.88점,"58,620",https://sitem.ssgcdn.com/34/70/60/item/1000019607034_i1_290.jpg,https://www.ssg.com/item/itemView.ssg?itemId=1000019607034&siteNo=6001&salestrNo=2034
404,아이폰 13 자급제 128GB 블루 (MLPK3KH/A),"1,024,600",별점 5점,21,https://sitem.ssgcdn.com/16/58/70/item/1000240705816_i1_290.jpg,https://www.ssg.com/item/itemView.ssg?itemId=1000240705816&siteNo=6100&salestrNo=2468
405,[오리온] 오징어 땅콩(오리지널) 202g,"2,380",별점 4.93점,"60,982",https://sitem.ssgcdn.com/17/46/10/item/0000008104617_i1_290.jpg,https://www.ssg.com/item/itemView.ssg?itemId=0000008104617&siteNo=6001&salestrNo=2034
406,[해태]고향 만두 기획 360g*3,"7,980",별점 4.92점,"32,746",https://sitem.ssgcdn.com/87/79/85/item/1000011857987_i1_290.jpg,https://www.ssg.com/item/itemView.ssg?itemId=1000011857987&siteNo=6001&salestrNo=2034
407,[CJ]삼호부산바른사각 720g,"3,480",별점 4.9점,"35,858",https://sitem.ssgcdn.com/73/72/25/item/1000020257273_i1_290.jpg,https://www.ssg.com/item/itemView.ssg?itemId=1000020257273&siteNo=6001&salestrNo=2034
408,[농심] 멸치 칼국수(98g5입) 490g,"4,080",별점 4.91점,"45,451",https://sitem.ssgcdn.com/09/29/63/item/0000007632909_i1_290.jpg,https://www.ssg.com/item/itemView.ssg?itemId=0000007632909&siteNo=6001&salestrNo=2034
409,피코크 마몰로 바스크치즈케익 220g,"4,980",별점 4.81점,"1,699",https://sitem.ssgcdn.com/03/10/84/item/1000113841003_i1_290.jpg,https://www.ssg.com/item/itemView.ssg?itemId=1000113841003&siteNo=6001&salestrNo=2034
410,[노브랜드] 스파클링라임 1L,980,별점 4.88점,"13,034",https://sitem.ssgcdn.com/88/77/76/item/1000022767788_i1_290.jpg,https://www.ssg.com/item/itemView.ssg?itemId=1000022767788&siteNo=6001&salestrNo=2034
411,해태 허니버터칩4번들 152g,"2,980",별점 4.95점,"20,762",https://sitem.ssgcdn.com/74/99/78/item/1000033789974_i1_290.jpg,https://www.ssg.com/item/itemView.ssg?itemId=1000033789974&siteNo=6001&salestrNo=2034
412,오레오 화이트크림 샌드위치 쿠키100g,"1,220",별점 4.95점,"43,612",https://sitem.ssgcdn.com/48/91/04/item/0000008049148_i1_290.jpg,https://www.ssg.com/item/itemView.ssg?itemId=0000008049148&siteNo=6001&salestrNo=2034
413,햇반현미쌀밥210g*8입,"11,480",별점 4.95점,"6,681",https://sitem.ssgcdn.com/08/04/95/item/1000051950408_i1_290.jpg,https://www.ssg.com/item/itemView.ssg?itemId=1000051950408&siteNo=6001&salestrNo=2034
414,박시핏 싱글 크롭 자켓 (PM3EJ881),"55,200",별점 4.93점,28,https://sitem.ssgcdn.com/81/82/23/item/1000189238281_i1_290.jpg,https://www.ssg.com/item/itemView.ssg?itemId=1000189238281&siteNo=6009&salestrNo=1013
415,오뚜기 양송이 크림스프 270g,"3,480",별점 4.84점,"7,252",https://sitem.ssgcdn.com/96/37/75/item/1000044753796_i1_290.jpg,https://www.ssg.com/item/itemView.ssg?itemId=1000044753796&siteNo=6001&salestrNo=2034
416,여성 우먼스 나이키 와플 트레이너 2 DA8291-102,"78,480",별점 5점,14,https://sitem.ssgcdn.com/08/44/71/item/1000297714408_i1_290.jpg,https://www.ssg.com/item/itemView.ssg?itemId=1000297714408&siteNo=6009&salestrNo=1002
417,[오뚜기] 허니 머스타드 소스 265g,"2,500",별점 4.94점,"48,178",https://sitem.ssgcdn.com/38/79/79/item/0000008797938_i1_290.jpg,https://www.ssg.com/item/itemView.ssg?itemId=0000008797938&siteNo=6001&salestrNo=2034
418,[데스커] 모션데스크 베이직 세트 시리즈,"714,200",,,https://sitem.ssgcdn.com/21/84/91/item/1000293918421_i1_290.jpg,https://www.ssg.com/item/itemView.ssg?itemId=1000293918421&siteNo=6001&salestrNo=6005
419,노브랜드 별미총각김치 1.5kg,"10,980",별점 4.88점,"6,214",https://sitem.ssgcdn.com/87/55/35/item/1000053355587_i1_290.jpg,https://www.ssg.com/item/itemView.ssg?itemId=1000053355587&siteNo=6001&salestrNo=2034
420,노브랜드 카스타드,"3,180",별점 4.92점,"35,189",https://sitem.ssgcdn.com/72/08/82/item/1000030820872_i1_290.jpg,https://www.ssg.com/item/itemView.ssg?itemId=1000030820872&siteNo=6001&salestrNo=2034
421,피코크 욜로우 녹차 474ml,"5,980",별점 4.57점,"2,037",https://sitem.ssgcdn.com/87/66/54/item/1000034546687_i1_290.jpg,https://www.ssg.com/item/itemView.ssg?itemId=1000034546687&siteNo=6001&salestrNo=2034
422,[노브랜드] 라면 한 그릇 115gx5봉입,"1,980",별점 4.85점,"29,934",https://sitem.ssgcdn.com/53/50/93/item/1000018935053_i1_290.jpg,https://www.ssg.com/item/itemView.ssg?itemId=1000018935053&siteNo=6001&salestrNo=2034
423,[피코크] 정갈한 쇠고기 미역국 500g,"3,206",별점 4.89점,"10,564",https://sitem.ssgcdn.com/67/92/11/item/1000039119267_i1_290.jpg,https://www.ssg.com/item/itemView.ssg?itemId=1000039119267&siteNo=6001&salestrNo=2034
424,노브랜드 군밤 100g*4입,"6,980",별점 4.93점,619,https://sitem.ssgcdn.com/00/50/11/item/1000291115000_i1_290.jpg,https://www.ssg.com/item/itemView.ssg?itemId=1000291115000&siteNo=6001&salestrNo=2034
425,[피코크] 자연을 담은 무 김밥 단무지 330g,"2,980",별점 4.92점,"41,032",https://sitem.ssgcdn.com/40/61/52/item/1000013526140_i1_290.jpg,https://www.ssg.com/item/itemView.ssg?itemId=1000013526140&siteNo=6001&salestrNo=2034
426,성주참외 3~8입/봉 (1.2kg내외),"14,800",별점 4.81점,"5,048",https://sitem.ssgcdn.com/14/93/57/item/1000040579314_i1_290.jpg,https://www.ssg.com/item/itemView.ssg?itemId=1000040579314&siteNo=6001&salestrNo=2034
427,오리온 쫀득한 찹쌀떡먹은 참붕어빵 232g,"3,280",별점 4.95점,647,https://sitem.ssgcdn.com/90/62/64/item/1000054646290_i1_290.jpg,https://www.ssg.com/item/itemView.ssg?itemId=1000054646290&siteNo=6001&salestrNo=2034
428,[일가집] 비타 맛 단무지 250g,"1,880",별점 4.91점,"34,570",https://sitem.ssgcdn.com/58/09/09/item/0000008090958_i1_290.jpg,https://www.ssg.com/item/itemView.ssg?itemId=0000008090958&siteNo=6001&salestrNo=2034
429,[목우촌] 주부9단 김밥햄 340g(170g*2개입),"5,480",별점 4.95점,"33,224",https://sitem.ssgcdn.com/23/91/88/item/0000007889123_i1_290.jpg,https://www.ssg.com/item/itemView.ssg?itemId=0000007889123&siteNo=6001&salestrNo=2034
430,킷캣 2F 쿠키크럼블 파우치 312g,"8,980",별점 4.89점,"1,250",https://sitem.ssgcdn.com/61/94/19/item/1000054199461_i1_290.jpg,https://www.ssg.com/item/itemView.ssg?itemId=1000054199461&siteNo=6001&salestrNo=2034
431,테크 베이킹구연산 2.4L*2 겸용,"12,900",별점 4.91점,"23,975",https://sitem.ssgcdn.com/59/66/96/item/1000022966659_i1_290.jpg,https://www.ssg.com/item/itemView.ssg?itemId=1000022966659&siteNo=6001&salestrNo=2017
432,노브랜드 맛있는 김밥용맛살 165g,"1,380",별점 4.92점,"8,831",https://sitem.ssgcdn.com/87/01/13/item/1000065130187_i1_290.jpg,https://www.ssg.com/item/itemView.ssg?itemId=1000065130187&siteNo=6001&salestrNo=2034
433,[서울우유] 짜요짜요 딸기맛 240g,"1,750",별점 4.96점,"49,530",https://sitem.ssgcdn.com/66/71/61/item/0000006617166_i1_290.jpg,https://www.ssg.com/item/itemView.ssg?itemId=0000006617166&siteNo=6001&salestrNo=2034
434,2080 오리지날 알파 블루 140g*3입,"7,900",별점 4.93점,"23,496",https://sitem.ssgcdn.com/18/34/21/item/0000008213418_i1_290.jpg,https://www.ssg.com/item/itemView.ssg?itemId=0000008213418&siteNo=6001&salestrNo=2034
435,[CJ] 고메 바삭튀겨낸 통등심돈카츠450g,"8,480",별점 4.88점,"17,055",https://sitem.ssgcdn.com/70/37/31/item/1000034313770_i1_290.jpg,https://www.ssg.com/item/itemView.ssg?itemId=1000034313770&siteNo=6001&salestrNo=2034
436,[농심] 자갈치90g,"1,280",별점 4.94점,"44,106",https://sitem.ssgcdn.com/98/91/62/item/1000018629198_i1_290.jpg,https://www.ssg.com/item/itemView.ssg?itemId=1000018629198&siteNo=6001&salestrNo=2034
437,LG 퓨리케어 360° 오브제컬렉션 AS351NRPA 공기청정기 펫 알파 레드우드 / KN,"1,639,300",,,https://sitem.ssgcdn.com/66/83/09/item/1000295098366_i1_290.jpg,https://www.ssg.com/item/itemView.ssg?itemId=1000295098366&siteNo=6004&salestrNo=6005
438,오뚜기 오즈키친 전복죽 450g,"4,280",별점 4.84점,"3,665",https://sitem.ssgcdn.com/50/69/60/item/1000038606950_i1_290.jpg,https://www.ssg.com/item/itemView.ssg?itemId=1000038606950&siteNo=6001&salestrNo=2034
439,[노브랜드] 스파클링오렌지망고 1L,980,별점 4.89점,"15,223",https://sitem.ssgcdn.com/86/77/76/item/1000022767786_i1_290.jpg,https://www.ssg.com/item/itemView.ssg?itemId=1000022767786&siteNo=6001&salestrNo=2034
440,"[피코크]초마짬뽕1,240g","8,400",별점 4.87점,"62,951",https://sitem.ssgcdn.com/46/40/33/item/1000012334046_i1_290.jpg,https://www.ssg.com/item/itemView.ssg?itemId=1000012334046&siteNo=6001&salestrNo=2034
441,[풀무원] 고소한 유부초밥 330g(4인분),"5,380",별점 4.92점,"29,668",https://sitem.ssgcdn.com/30/39/57/item/1000013573930_i1_290.jpg,https://www.ssg.com/item/itemView.ssg?itemId=1000013573930&siteNo=6001&salestrNo=2034
442,풀무원 소가크고단단한두부 500g,"2,150",별점 4.94점,"10,737",https://sitem.ssgcdn.com/44/65/46/item/1000035466544_i1_290.jpg,https://www.ssg.com/item/itemView.ssg?itemId=1000035466544&siteNo=6001&salestrNo=2034
443,노브랜드 라면스낵 250g,"1,980",별점 4.8점,"24,260",https://sitem.ssgcdn.com/37/48/65/item/1000018654837_i1_290.jpg,https://www.ssg.com/item/itemView.ssg?itemId=1000018654837&siteNo=6001&salestrNo=2034
444,★닌텐도 공식판매처★닌텐도 스위치 본체 OLED 타이틀 패키지(옵션 선택),"415,000",별점 4.95점,168,https://sitem.ssgcdn.com/53/29/62/item/1000271622953_i1_290.jpg,https://www.ssg.com/item/itemView.ssg?itemId=1000271622953&siteNo=6004&salestrNo=6005
445,청정원 일상가정식 한우진곰탕 450g,"2,980",별점 4.84점,"4,194",https://sitem.ssgcdn.com/40/01/64/item/1000075640140_i1_290.jpg,https://www.ssg.com/item/itemView.ssg?itemId=1000075640140&siteNo=6001&salestrNo=2034
446,청년이 담은 배 3kg/박스,"14,900",별점 5점,27,https://sitem.ssgcdn.com/20/43/26/item/1000304264320_i1_290.jpg,https://www.ssg.com/item/itemView.ssg?itemId=1000304264320&siteNo=6001&salestrNo=2034
447,다우니 고농축 섬유유연제 엑스퍼트 2L(실내건조),"13,800",별점 4.92점,"8,881",https://sitem.ssgcdn.com/02/20/20/item/1000033202002_i1_290.jpg,https://www.ssg.com/item/itemView.ssg?itemId=1000033202002&siteNo=6001&salestrNo=2034
448,스케쳐스 여성 메모리폼 초경량 슬립온 4종 SL0WF21X181,"48,380",별점 5점,1,https://sitem.ssgcdn.com/90/68/79/item/1000265796890_i1_290.jpg,https://www.ssg.com/item/itemView.ssg?itemId=1000265796890&siteNo=6009&salestrNo=1009
449,초정탄산수 1.5L,980,별점 4.94점,"64,291",https://sitem.ssgcdn.com/28/60/61/item/0000006616028_i1_290.jpg,https://www.ssg.com/item/itemView.ssg?itemId=0000006616028&siteNo=6001&salestrNo=2034
450,[종가집] 파김치 900g,"18,000",별점 4.86점,"10,734",https://sitem.ssgcdn.com/66/44/69/item/0000010694466_i1_290.jpg,https://www.ssg.com/item/itemView.ssg?itemId=0000010694466&siteNo=6001&salestrNo=2034
451,[농심] 감자깡 75g,"1,280",별점 4.95점,"30,267",https://sitem.ssgcdn.com/90/90/68/item/1000018689090_i1_290.jpg,https://www.ssg.com/item/itemView.ssg?itemId=1000018689090&siteNo=6001&salestrNo=2034
452,[노스페이스] 키즈 바람막이 코북 자켓 6종,"32,300",,,https://sitem.ssgcdn.com/22/12/08/item/1000305081222_i1_290.jpg,https://www.ssg.com/item/itemView.ssg?itemId=1000305081222&siteNo=6009&salestrNo=1004
453,귀체온계 IRT-6520/6510/6030+필터21p포함/1년무상AS,"74,400",별점 4.8점,"1,806",https://sitem.ssgcdn.com/12/67/40/item/1000036406712_i1_290.jpg,https://www.ssg.com/item/itemView.ssg?itemId=1000036406712&siteNo=6004&salestrNo=6005
454,[노브랜드] 홈스타일 토마토 스파게티 소스 400g,"1,780",별점 4.91점,"43,160",https://sitem.ssgcdn.com/27/13/07/item/1000018071327_i1_290.jpg,https://www.ssg.com/item/itemView.ssg?itemId=1000018071327&siteNo=6001&salestrNo=2034
455,의성 명품쌀4kg,"16,900",별점 4.91점,"23,686",https://sitem.ssgcdn.com/07/28/10/item/1000018102807_i1_290.jpg,https://www.ssg.com/item/itemView.ssg?itemId=1000018102807&siteNo=6001&salestrNo=2034
456,[서울우유] 생크림 500ml,"5,950",별점 4.93점,"42,093",https://sitem.ssgcdn.com/30/51/61/item/0000006615130_i1_290.jpg,https://www.ssg.com/item/itemView.ssg?itemId=0000006615130&siteNo=6001&salestrNo=2034
457,노브랜드 스파클링에이드 백포도1L,980,별점 4.89점,778,https://sitem.ssgcdn.com/24/49/34/item/1000273344924_i1_290.jpg,https://www.ssg.com/item/itemView.ssg?itemId=1000273344924&siteNo=6001&salestrNo=2034
458,해태 오예스미니192g,"2,880",별점 4.95점,"23,833",https://sitem.ssgcdn.com/82/80/50/item/1000032508082_i1_290.jpg,https://www.ssg.com/item/itemView.ssg?itemId=1000032508082&siteNo=6001&salestrNo=2034
459, 테라팝 안마의자 CMC-A200 +전용러그+ 안마의자 커버,"3,080,000",별점 4.75점,8,https://sitem.ssgcdn.com/81/25/71/item/1000305712581_i1_290.jpg,https://www.ssg.com/item/itemView.ssg?itemId=1000305712581&siteNo=6004&salestrNo=6005
460,실속형 종이컵 180ml 50P,680,별점 4.94점,"19,276",https://sitem.ssgcdn.com/05/68/05/item/1000034056805_i1_290.jpg,https://www.ssg.com/item/itemView.ssg?itemId=1000034056805&siteNo=6001&salestrNo=2034
461,피코크 전주식 콩나물해장국 500g,"3,980",별점 4.9점,"3,609",https://sitem.ssgcdn.com/52/32/94/item/1000065943252_i1_290.jpg,https://www.ssg.com/item/itemView.ssg?itemId=1000065943252&siteNo=6001&salestrNo=2034
462,[해태] 맛동산 300g,"4,380",별점 4.92점,"34,608",https://sitem.ssgcdn.com/68/23/33/item/0000007332368_i1_290.jpg,https://www.ssg.com/item/itemView.ssg?itemId=0000007332368&siteNo=6001&salestrNo=2034
463,[비밀특가] 샥즈 오픈런 골전도 블루투스 이어폰 S803,"152,150",별점 4.89점,19,https://sitem.ssgcdn.com/60/22/29/item/1000303292260_i1_290.jpg,https://www.ssg.com/item/itemView.ssg?itemId=1000303292260&siteNo=6009&salestrNo=1023
464,[미국산] 냉동 블루베리 1.5kg/봉,"15,800",별점 4.89점,"26,917",https://sitem.ssgcdn.com/32/00/10/item/1000027100032_i1_290.jpg,https://www.ssg.com/item/itemView.ssg?itemId=1000027100032&siteNo=6001&salestrNo=2034
465,[주간캐주얼] 이번주 SSG 특별혜택 상품은?!,"115,520",별점 4.86점,"2,214",https://sitem.ssgcdn.com/20/56/32/item/1000052325620_i1_290.jpg,https://www.ssg.com/item/dealItemView.ssg?itemId=1000052325620&siteNo=6004&salestrNo=6005
466,[페루산] 씨없는 블랙포도 900g/팩,"8,980",별점 4.86점,"1,063",https://sitem.ssgcdn.com/80/42/68/item/1000008684280_i1_290.jpg,https://www.ssg.com/item/itemView.ssg?itemId=1000008684280&siteNo=6001&salestrNo=2034
467,[아침에주스] 오렌지 (950ml),"2,950",별점 4.95점,"40,828",https://sitem.ssgcdn.com/10/51/61/item/0000006615110_i1_290.jpg,https://www.ssg.com/item/itemView.ssg?itemId=0000006615110&siteNo=6001&salestrNo=2034
468,★봄맞이 소고기 할인 행사★ 토마호크 티본 스테이크+냉장육+안심+LA갈비+차돌박이,"34,900",별점 4.64점,630,https://sitem.ssgcdn.com/78/07/86/item/1000303860778_i1_290.jpg,https://www.ssg.com/item/dealItemView.ssg?itemId=1000303860778&siteNo=6001&salestrNo=6005
469,[서울우유] 서울우유 (200ml*3개),"2,640",별점 4.94점,"40,717",https://sitem.ssgcdn.com/10/07/35/item/0000008350710_i1_290.jpg,https://www.ssg.com/item/itemView.ssg?itemId=0000008350710&siteNo=6001&salestrNo=2034
470,노브랜드 고구마형과자 200g,980,별점 4.91점,"26,199",https://sitem.ssgcdn.com/11/24/72/item/1000035722411_i1_290.jpg,https://www.ssg.com/item/itemView.ssg?itemId=1000035722411&siteNo=6001&salestrNo=2034
471,★2개 구매시 50%★하기스 네이처메이드 팬티형 5단계 특대형 공용(11~16kg) 34매,"33,500",별점 4.94점,527,https://sitem.ssgcdn.com/94/49/52/item/1000260524994_i1_290.jpg,https://www.ssg.com/item/itemView.ssg?itemId=1000260524994&siteNo=6001&salestrNo=2034
472,상품권 모바일교환권 50만원권 [문자발송],"500,000",별점 5.06점,227,https://sitem.ssgcdn.com/69/79/73/item/1000032737969_i1_290.jpg,https://www.ssg.com/item/itemView.ssg?itemId=1000032737969&siteNo=6004&salestrNo=6005
473,양문형 냉장고 RS84T5071WW  3도어 푸드쇼케이스..,"948,460",별점 4.79점,14,https://sitem.ssgcdn.com/98/86/98/item/1000217988698_i1_290.jpg,https://www.ssg.com/item/itemView.ssg?itemId=1000217988698&siteNo=6004&salestrNo=6005
474,본사직영) CRP-CHP1010FD 쿠쿠 10인용 IH전기압력밥솥,"272,629",별점 4.8점,"1,185",https://sitem.ssgcdn.com/38/93/35/item/1000037359338_i1_290.jpg,https://www.ssg.com/item/itemView.ssg?itemId=1000037359338&siteNo=6004&salestrNo=6005
475,레이스 셔링 네크 BL (MOCABL13M2),"35,200",별점 5점,3,https://sitem.ssgcdn.com/18/00/10/item/1000295100018_i1_290.jpg,https://www.ssg.com/item/itemView.ssg?itemId=1000295100018&siteNo=6009&salestrNo=1002
476,[매일] 바이오 설탕무첨가 플레인 450g,"3,180",별점 4.94점,"57,449",https://sitem.ssgcdn.com/88/14/67/item/1000004671488_i1_290.jpg,https://www.ssg.com/item/itemView.ssg?itemId=1000004671488&siteNo=6001&salestrNo=2034
477,[빙그레] 바나나맛 우유 Value 6팩(240ml*6개) 1440ml,"6,880",별점 4.94점,"25,349",https://sitem.ssgcdn.com/65/79/09/item/0000008097965_i1_290.jpg,https://www.ssg.com/item/itemView.ssg?itemId=0000008097965&siteNo=6001&salestrNo=2034
478,피코크 트루워터 2L X 6(무라벨 생수),"2,436",별점 4.91점,"4,960",https://sitem.ssgcdn.com/71/57/91/item/1000092915771_i1_290.jpg,https://www.ssg.com/item/itemView.ssg?itemId=1000092915771&siteNo=6001&salestrNo=2034
479,[21년산] 한눈에 반한 쌀 10kg,"39,900",별점 4.93점,"24,651",https://sitem.ssgcdn.com/89/02/61/item/0000006610289_i1_290.jpg,https://www.ssg.com/item/itemView.ssg?itemId=0000006610289&siteNo=6001&salestrNo=2034
480,피코크 맛있는순대 증량기획(1.2kg),"7,980",별점 4.86점,"4,558",https://sitem.ssgcdn.com/56/95/56/item/1000051569556_i1_290.jpg,https://www.ssg.com/item/itemView.ssg?itemId=1000051569556&siteNo=6001&salestrNo=2034
